tag,full_designation,description,order_no,category,x_mm,y_mm,z_mm,width_mm,height_mm,depth_mm,mounting,zone,dimension_basis,engineering_status,top_clearance_mm,bottom_clearance_mm,side_clearance_mm,heat_loss_w,controlled_physical,notes
-EN100,=FC01+CP01-EN100,-EN100 back,,Enclosure,0,0,0,800,800,3,Fabricated enclosure,Enclosure,Inherited 800 x 800 x 300 mm controlled concept; vendor/enclosure series open,"PROVISIONAL — SELECT ENCLOSURE AND CONFIRM IP/NEMA, environment and door load",0,0,0,TBD,True,
-EN100,=FC01+CP01-EN100,-EN100 left wall,,Enclosure,0,0,0,3,800,300,Fabricated enclosure,Enclosure,Inherited 800 x 800 x 300 mm controlled concept; vendor/enclosure series open,"PROVISIONAL — SELECT ENCLOSURE AND CONFIRM IP/NEMA, environment and door load",0,0,0,TBD,True,
-EN100,=FC01+CP01-EN100,-EN100 right wall,,Enclosure,797,0,0,3,800,300,Fabricated enclosure,Enclosure,Inherited 800 x 800 x 300 mm controlled concept; vendor/enclosure series open,"PROVISIONAL — SELECT ENCLOSURE AND CONFIRM IP/NEMA, environment and door load",0,0,0,TBD,True,
-EN100,=FC01+CP01-EN100,-EN100 bottom wall,,Enclosure,0,0,0,800,3,300,Fabricated enclosure,Enclosure,Inherited 800 x 800 x 300 mm controlled concept; vendor/enclosure series open,"PROVISIONAL — SELECT ENCLOSURE AND CONFIRM IP/NEMA, environment and door load",0,0,0,TBD,True,
-EN100,=FC01+CP01-EN100,-EN100 top wall,,Enclosure,0,797,0,800,3,300,Fabricated enclosure,Enclosure,Inherited 800 x 800 x 300 mm controlled concept; vendor/enclosure series open,"PROVISIONAL — SELECT ENCLOSURE AND CONFIRM IP/NEMA, environment and door load",0,0,0,TBD,True,
-EN100-DR,=FC01+CP01-EN100-DR,Enclosure door with HMI and isolator cutouts,,Enclosure,0,0,297,800,800,3,Hinged door,Door,Controlled geometry; hinge series and reinforcement open,"PROVISIONAL — CONFIRM DOOR STIFFNESS, hinge load and ingress protection",0,0,0,TBD,True,
-MP100,=FC01+CP01-MP100,750 x 750 x 3 mm drilled mounting plate,,Infrastructure,25,25,15,750,750,3,Enclosure mounting plate,All,Controlled conceptual plate with scheduled holes,NATIVE GEOMETRY VERIFIED; ALL DRILLING REMAINS NOT FOR CONSTRUCTION PENDING VENDOR CONFIRMATION,0,0,0,TBD,True,
-RA100,=FC01+CP01-RA100,DIN rail R1 — PLC/network,,Infrastructure,300,630,18,420,7.5,7.5,Mounting plate,Mixed — see description,35 mm DIN rail simplified section; length controlled by layout,"PROVISIONAL — rail family, end clamps and fixings require selection",0,0,0,TBD,True,
-RA101,=FC01+CP01-RA101,DIN rail R2 — control power,,Infrastructure,300,400,18,320,7.5,7.5,Mounting plate,Mixed — see description,35 mm DIN rail simplified section; length controlled by layout,"PROVISIONAL — rail family, end clamps and fixings require selection",0,0,0,TBD,True,
-RA102,=FC01+CP01-RA102,DIN rail R3 — relays/protection,,Infrastructure,300,260,18,400,7.5,7.5,Mounting plate,Mixed — see description,35 mm DIN rail simplified section; length controlled by layout,"PROVISIONAL — rail family, end clamps and fixings require selection",0,0,0,TBD,True,
-RA103,=FC01+CP01-RA103,DIN rail R4 — field terminals,,Infrastructure,75,110,18,660,7.5,7.5,Mounting plate,Mixed — see description,35 mm DIN rail simplified section; length controlled by layout,"PROVISIONAL — rail family, end clamps and fixings require selection",0,0,0,TBD,True,
-WD100,=FC01+CP01-WD100,Mains/drive vertical routing,,Infrastructure,45,175,18,25,545,55,Mounting plate,Routing,Controlled routing envelope; duct family and fill calculation open,"PROVISIONAL — VERIFY DUCT FILL, bend radius, conductor count and EMC separation",0,0,0,TBD,True,
-WD101,=FC01+CP01-WD101,Power/control segregation barrier,,Infrastructure,260,175,18,25,545,55,Mounting plate,Routing,Controlled routing envelope; duct family and fill calculation open,"PROVISIONAL — VERIFY DUCT FILL, bend radius, conductor count and EMC separation",0,0,0,TBD,True,
-WD102,=FC01+CP01-WD102,Network/vision vertical routing,,Infrastructure,740,175,18,25,545,55,Mounting plate,Routing,Controlled routing envelope; duct family and fill calculation open,"PROVISIONAL — VERIFY DUCT FILL, bend radius, conductor count and EMC separation",0,0,0,TBD,True,
-WD110,=FC01+CP01-WD110,Top control-row horizontal duct,,Infrastructure,285,535,18,455,25,55,Mounting plate,Routing,Controlled routing envelope; duct family and fill calculation open,"PROVISIONAL — VERIFY DUCT FILL, bend radius, conductor count and EMC separation",0,0,0,TBD,True,
-WD111,=FC01+CP01-WD111,Control/relay horizontal duct,,Infrastructure,285,330,18,455,25,55,Mounting plate,Routing,Controlled routing envelope; duct family and fill calculation open,"PROVISIONAL — VERIFY DUCT FILL, bend radius, conductor count and EMC separation",0,0,0,TBD,True,
-WD112,=FC01+CP01-WD112,Relay/terminal horizontal duct,,Infrastructure,285,205,18,455,20,55,Mounting plate,Routing,Controlled routing envelope; duct family and fill calculation open,"PROVISIONAL — VERIFY DUCT FILL, bend radius, conductor count and EMC separation",0,0,0,TBD,True,
-WD113,=FC01+CP01-WD113,Terminal/field-entry horizontal duct,,Infrastructure,70,150,18,670,20,55,Mounting plate,Routing,Controlled routing envelope; duct family and fill calculation open,"PROVISIONAL — VERIFY DUCT FILL, bend radius, conductor count and EMC separation",0,0,0,TBD,True,
-WD114,=FC01+CP01-WD114,Drive-zone top routing outside 80 mm cooling envelope,,Infrastructure,70,555,18,180,20,55,Mounting plate,Routing,Controlled routing envelope; duct family and fill calculation open,"PROVISIONAL — VERIFY DUCT FILL, bend radius, conductor count and EMC separation",0,0,0,TBD,True,
-QF100,=FC01+CP01-QF100,Main protective device envelope,,Device,80,585,26,54,90,80,Mounting plate / DIN support,Mains,Controlled generic envelope; protective device not selected,"TBD — fault level, supply, selectivity and protection study required",0,0,0,TBD,True,
-U100,=FC01+CP01-U100,SINAMICS G120C PN 0.75 kW unfiltered — FSA PN envelope,6SL3210-1KE12-3UF2,Device,80.0,275,18,73,196,225.4,Direct mounting plate,Mains / drive heat,Siemens order-number data sheet: 73 W x 196 H x 225.4 D mm; FSA PN,SELECTED ENVELOPE; drive rating/duty and Startdrive configuration remain provisional,80,100,0,38.6,True,Cooling clearance from Siemens D31.1 catalog; confirm installed accessories and ambient derating
-U101,=FC01+CP01-U101,SINAMICS G120C PN 0.75 kW unfiltered — FSA PN envelope,6SL3210-1KE12-3UF2,Device,175.0,275,18,73,196,225.4,Direct mounting plate,Mains / drive heat,Siemens order-number data sheet: 73 W x 196 H x 225.4 D mm; FSA PN,SELECTED ENVELOPE; drive rating/duty and Startdrive configuration remain provisional,80,100,0,38.6,True,Cooling clearance from Siemens D31.1 catalog; confirm installed accessories and ambient derating
-PS100,=FC01+CP01-PS100,24 VDC 20 A power supply,,Device,300,360,26,125,110,130,DIN rail R2,Power/control,Controlled provisional equipment envelope; selected order number absent,TBD — 24 VDC demand sizing provisional; supplier and thermal loss open,0,0,0,TBD,True,
-QF110,=FC01+CP01-QF110,24 VDC electronic branch protection,,Device,435,360,26,90,110,80,DIN rail R2,Power/control,Controlled provisional equipment envelope; selected order number absent,TBD — Branch currents and discrimination open,0,0,0,TBD,True,
-K100,=FC01+CP01-K100,External conceptual safety/control-enable interface,,Device,535,370,26,55,90,85,DIN rail R2,Conceptual safety interface,Controlled provisional equipment envelope; selected order number absent,TBD — Qualified safety design and final contactor/interface selection open,0,0,0,TBD,True,
-A100,=FC01+CP01-A100,SIMATIC S7-1500 CPU 1511-1 PN,6ES7511-1AL03-0AB0,Device,300,550,26,35,147,129,DIN rail R1,PLC / control,Official Siemens product data; simplified rectangular selected-device envelope,SELECTED BASELINE — native TIA catalog/configuration and accessory confirmation open,25,25,0,TBD,True,
-A101,=FC01+CP01-A101,TM Count 2x24V,6ES7550-1AA01-0AB0,Device,339,550,26,35,147,129,DIN rail R1,PLC / control,Official Siemens product data; simplified rectangular selected-device envelope,SELECTED BASELINE — native TIA catalog/configuration and accessory confirmation open,25,25,0,TBD,True,
-A102,=FC01+CP01-A102,DI 32x24V DC HF,6ES7521-1BL00-0AB0,Device,378,550,26,35,147,129,DIN rail R1,PLC / control,Official Siemens product data; simplified rectangular selected-device envelope,SELECTED BASELINE — native TIA catalog/configuration and accessory confirmation open,25,25,0,TBD,True,
-A103,=FC01+CP01-A103,DQ 32x24V DC/0.5A HF,6ES7522-1BL01-0AB0,Device,417,550,26,35,147,129,DIN rail R1,PLC / control,Official Siemens product data; simplified rectangular selected-device envelope,SELECTED BASELINE — native TIA catalog/configuration and accessory confirmation open,25,25,0,TBD,True,
-A104,=FC01+CP01-A104,AI 8xU/I HF,6ES7531-7NF00-0AB0,Device,456,550,26,35,147,129,DIN rail R1,PLC / control,Official Siemens product data; simplified rectangular selected-device envelope,SELECTED BASELINE — native TIA catalog/configuration and accessory confirmation open,25,25,0,TBD,True,
-SW100,=FC01+CP01-SW100,SCALANCE XC208 managed switch,6GK5208-0BA00-2AC2,Device,505,550,26,60,147,125,DIN rail R1,Network,Official Siemens technical data; controlled 5 mm lateral layout-clearance assumption; confirm against order-number installation data,SELECTED NETWORK BASELINE — native configuration and site policy open,25,25,5,TBD,True,
-FW100,=FC01+CP01-FW100,SCALANCE S615 EEC firewall/router,6GK5615-0AA01-2AA2,Device,575,550,26,35,147,127,DIN rail R1,Network,Siemens S615/S615 EEC operating instructions; variant CAx confirmation open; controlled 5 mm lateral layout-clearance assumption; confirm against order-number installation data,SELECTED NETWORK BASELINE — native configuration and site policy open,25,25,5,TBD,True,
-PC200,=FC01+CP01-PC200,Jetson Orin NX industrial carrier reserved envelope,,Device,620,540,26,115,165,80,DIN rail / shelf,Vision edge,"CONTROLLED ARCHITECTURE-ONLY ENVELOPE ASSUMPTION — carrier, cooling kit and interfaces not selected","TBD — NOT PROCUREMENT OR CONSTRUCTION DATA; confirm industrial carrier, thermal solution, EMC and lifecycle",25,25,5,TBD,True,
-K202,=FC01+CP01-K202,Interposing relay with base/status indication,,Device,300,235,26,14,80,75,DIN rail R3,24 VDC output interface,Controlled generic relay envelope; actual supplier/rating open,TBD — coil/contact/load ratings and approved supplier required,0,0,0,TBD,True,
-K203,=FC01+CP01-K203,Interposing relay with base/status indication,,Device,318,235,26,14,80,75,DIN rail R3,24 VDC output interface,Controlled generic relay envelope; actual supplier/rating open,TBD — coil/contact/load ratings and approved supplier required,0,0,0,TBD,True,
-K204,=FC01+CP01-K204,Interposing relay with base/status indication,,Device,336,235,26,14,80,75,DIN rail R3,24 VDC output interface,Controlled generic relay envelope; actual supplier/rating open,TBD — coil/contact/load ratings and approved supplier required,0,0,0,TBD,True,
-K205,=FC01+CP01-K205,Interposing relay with base/status indication,,Device,354,235,26,14,80,75,DIN rail R3,24 VDC output interface,Controlled generic relay envelope; actual supplier/rating open,TBD — coil/contact/load ratings and approved supplier required,0,0,0,TBD,True,
-K206,=FC01+CP01-K206,Interposing relay with base/status indication,,Device,372,235,26,14,80,75,DIN rail R3,24 VDC output interface,Controlled generic relay envelope; actual supplier/rating open,TBD — coil/contact/load ratings and approved supplier required,0,0,0,TBD,True,
-K207,=FC01+CP01-K207,Interposing relay with base/status indication,,Device,390,235,26,14,80,75,DIN rail R3,24 VDC output interface,Controlled generic relay envelope; actual supplier/rating open,TBD — coil/contact/load ratings and approved supplier required,0,0,0,TBD,True,
-K208,=FC01+CP01-K208,Interposing relay with base/status indication,,Device,408,235,26,14,80,75,DIN rail R3,24 VDC output interface,Controlled generic relay envelope; actual supplier/rating open,TBD — coil/contact/load ratings and approved supplier required,0,0,0,TBD,True,
-K209,=FC01+CP01-K209,Interposing relay with base/status indication,,Device,426,235,26,14,80,75,DIN rail R3,24 VDC output interface,Controlled generic relay envelope; actual supplier/rating open,TBD — coil/contact/load ratings and approved supplier required,0,0,0,TBD,True,
-K210,=FC01+CP01-K210,Interposing relay with base/status indication,,Device,444,235,26,14,80,75,DIN rail R3,24 VDC output interface,Controlled generic relay envelope; actual supplier/rating open,TBD — coil/contact/load ratings and approved supplier required,0,0,0,TBD,True,
-K211,=FC01+CP01-K211,Interposing relay with base/status indication,,Device,462,235,26,14,80,75,DIN rail R3,24 VDC output interface,Controlled generic relay envelope; actual supplier/rating open,TBD — coil/contact/load ratings and approved supplier required,0,0,0,TBD,True,
-K212,=FC01+CP01-K212,Interposing relay with base/status indication,,Device,480,235,26,14,80,75,DIN rail R3,24 VDC output interface,Controlled generic relay envelope; actual supplier/rating open,TBD — coil/contact/load ratings and approved supplier required,0,0,0,TBD,True,
-K213,=FC01+CP01-K213,Interposing relay with base/status indication,,Device,498,235,26,14,80,75,DIN rail R3,24 VDC output interface,Controlled generic relay envelope; actual supplier/rating open,TBD — coil/contact/load ratings and approved supplier required,0,0,0,TBD,True,
-QF111..-QF116,=FC01+CP01-QF111..-QF116,Reserved branch-fuse/electronic-protection envelope,,Device,525,235,26,108,80,75,DIN rail R3,24 VDC protection,Six 18 mm ways reserved; devices/ratings not selected,"TBD — branch load, discrimination and protective-device selection required",0,0,0,TBD,True,
-X100:1,=FC01+CP01-X100:1,Terminal for GUARD_CLOSED_STATUS / 24 VDC switched,,Terminal,80.0,90,26,6,50,50,DIN rail R4,Field termination,6 mm generic terminal-envelope assumption; terminal family not selected,"CONTROLLED LOGICAL TERMINAL; family, conductor size and accessories open",0,0,0,TBD,True,Cable C001 core 1; wire W0003
-X100:2,=FC01+CP01-X100:2,Terminal for GUARD_CLOSED_STATUS / +24VDC fused,,Terminal,86.5,90,26,6,50,50,DIN rail R4,Field termination,6 mm generic terminal-envelope assumption; terminal family not selected,"CONTROLLED LOGICAL TERMINAL; family, conductor size and accessories open",0,0,0,TBD,True,Cable C001 core 2; wire W0004
-X100:3,=FC01+CP01-X100:3,Terminal for AIR_PRESSURE_OK / 24 VDC switched,,Terminal,93.0,90,26,6,50,50,DIN rail R4,Field termination,6 mm generic terminal-envelope assumption; terminal family not selected,"CONTROLLED LOGICAL TERMINAL; family, conductor size and accessories open",0,0,0,TBD,True,Cable C002 core 1; wire W0005
-X100:4,=FC01+CP01-X100:4,Terminal for AIR_PRESSURE_OK / +24VDC fused,,Terminal,99.5,90,26,6,50,50,DIN rail R4,Field termination,6 mm generic terminal-envelope assumption; terminal family not selected,"CONTROLLED LOGICAL TERMINAL; family, conductor size and accessories open",0,0,0,TBD,True,Cable C002 core 2; wire W0006
-X100:5,=FC01+CP01-X100:5,Terminal for AIR_PRESSURE_OK / 0V,,Terminal,106.0,90,26,6,50,50,DIN rail R4,Field termination,6 mm generic terminal-envelope assumption; terminal family not selected,"CONTROLLED LOGICAL TERMINAL; family, conductor size and accessories open",0,0,0,TBD,True,Cable C002 core 3; wire W0007
-X100:6,=FC01+CP01-X100:6,Terminal for PRODUCT_SUPPLY_OK / 24 VDC switched,,Terminal,112.5,90,26,6,50,50,DIN rail R4,Field termination,6 mm generic terminal-envelope assumption; terminal family not selected,"CONTROLLED LOGICAL TERMINAL; family, conductor size and accessories open",0,0,0,TBD,True,Cable C003 core 1; wire W0008
-X100:7,=FC01+CP01-X100:7,Terminal for PRODUCT_SUPPLY_OK / +24VDC fused,,Terminal,119.0,90,26,6,50,50,DIN rail R4,Field termination,6 mm generic terminal-envelope assumption; terminal family not selected,"CONTROLLED LOGICAL TERMINAL; family, conductor size and accessories open",0,0,0,TBD,True,Cable C003 core 2; wire W0009
-X100:8,=FC01+CP01-X100:8,Terminal for PRODUCT_SUPPLY_OK / 0V,,Terminal,125.5,90,26,6,50,50,DIN rail R4,Field termination,6 mm generic terminal-envelope assumption; terminal family not selected,"CONTROLLED LOGICAL TERMINAL; family, conductor size and accessories open",0,0,0,TBD,True,Cable C003 core 3; wire W0010
-X100:9,=FC01+CP01-X100:9,Terminal for BOTTLE_AT_NEST_1 / 24 VDC switched,,Terminal,132.0,90,26,6,50,50,DIN rail R4,Field termination,6 mm generic terminal-envelope assumption; terminal family not selected,"CONTROLLED LOGICAL TERMINAL; family, conductor size and accessories open",0,0,0,TBD,True,Cable C004 core 1; wire W0011
-X100:10,=FC01+CP01-X100:10,Terminal for BOTTLE_AT_NEST_1 / +24VDC fused,,Terminal,138.5,90,26,6,50,50,DIN rail R4,Field termination,6 mm generic terminal-envelope assumption; terminal family not selected,"CONTROLLED LOGICAL TERMINAL; family, conductor size and accessories open",0,0,0,TBD,True,Cable C004 core 2; wire W0012
-X100:11,=FC01+CP01-X100:11,Terminal for BOTTLE_AT_NEST_1 / 0V,,Terminal,145.0,90,26,6,50,50,DIN rail R4,Field termination,6 mm generic terminal-envelope assumption; terminal family not selected,"CONTROLLED LOGICAL TERMINAL; family, conductor size and accessories open",0,0,0,TBD,True,Cable C004 core 3; wire W0013
-X100:12,=FC01+CP01-X100:12,Terminal for BOTTLE_AT_NEST_2 / 24 VDC switched,,Terminal,151.5,90,26,6,50,50,DIN rail R4,Field termination,6 mm generic terminal-envelope assumption; terminal family not selected,"CONTROLLED LOGICAL TERMINAL; family, conductor size and accessories open",0,0,0,TBD,True,Cable C005 core 1; wire W0014
-X100:13,=FC01+CP01-X100:13,Terminal for BOTTLE_AT_NEST_2 / +24VDC fused,,Terminal,158.0,90,26,6,50,50,DIN rail R4,Field termination,6 mm generic terminal-envelope assumption; terminal family not selected,"CONTROLLED LOGICAL TERMINAL; family, conductor size and accessories open",0,0,0,TBD,True,Cable C005 core 2; wire W0015
-X100:14,=FC01+CP01-X100:14,Terminal for BOTTLE_AT_NEST_2 / 0V,,Terminal,164.5,90,26,6,50,50,DIN rail R4,Field termination,6 mm generic terminal-envelope assumption; terminal family not selected,"CONTROLLED LOGICAL TERMINAL; family, conductor size and accessories open",0,0,0,TBD,True,Cable C005 core 3; wire W0016
-X100:15,=FC01+CP01-X100:15,Terminal for GATE_OPEN_FB / 24 VDC switched,,Terminal,171.0,90,26,6,50,50,DIN rail R4,Field termination,6 mm generic terminal-envelope assumption; terminal family not selected,"CONTROLLED LOGICAL TERMINAL; family, conductor size and accessories open",0,0,0,TBD,True,Cable C006 core 1; wire W0017
-X100:16,=FC01+CP01-X100:16,Terminal for GATE_OPEN_FB / +24VDC fused,,Terminal,177.5,90,26,6,50,50,DIN rail R4,Field termination,6 mm generic terminal-envelope assumption; terminal family not selected,"CONTROLLED LOGICAL TERMINAL; family, conductor size and accessories open",0,0,0,TBD,True,Cable C006 core 2; wire W0018
-X100:17,=FC01+CP01-X100:17,Terminal for GATE_OPEN_FB / 0V,,Terminal,184.0,90,26,6,50,50,DIN rail R4,Field termination,6 mm generic terminal-envelope assumption; terminal family not selected,"CONTROLLED LOGICAL TERMINAL; family, conductor size and accessories open",0,0,0,TBD,True,Cable C006 core 3; wire W0019
-X100:18,=FC01+CP01-X100:18,Terminal for GATE_CLOSED_FB / 24 VDC switched,,Terminal,190.5,90,26,6,50,50,DIN rail R4,Field termination,6 mm generic terminal-envelope assumption; terminal family not selected,"CONTROLLED LOGICAL TERMINAL; family, conductor size and accessories open",0,0,0,TBD,True,Cable C007 core 1; wire W0020
-X100:19,=FC01+CP01-X100:19,Terminal for GATE_CLOSED_FB / +24VDC fused,,Terminal,197.0,90,26,6,50,50,DIN rail R4,Field termination,6 mm generic terminal-envelope assumption; terminal family not selected,"CONTROLLED LOGICAL TERMINAL; family, conductor size and accessories open",0,0,0,TBD,True,Cable C007 core 2; wire W0021
-X100:20,=FC01+CP01-X100:20,Terminal for GATE_CLOSED_FB / 0V,,Terminal,203.5,90,26,6,50,50,DIN rail R4,Field termination,6 mm generic terminal-envelope assumption; terminal family not selected,"CONTROLLED LOGICAL TERMINAL; family, conductor size and accessories open",0,0,0,TBD,True,Cable C007 core 3; wire W0022
-X100:21,=FC01+CP01-X100:21,Terminal for CLAMP_RELEASED_FB / 24 VDC switched,,Terminal,210.0,90,26,6,50,50,DIN rail R4,Field termination,6 mm generic terminal-envelope assumption; terminal family not selected,"CONTROLLED LOGICAL TERMINAL; family, conductor size and accessories open",0,0,0,TBD,True,Cable C008 core 1; wire W0023
-X100:22,=FC01+CP01-X100:22,Terminal for CLAMP_RELEASED_FB / +24VDC fused,,Terminal,216.5,90,26,6,50,50,DIN rail R4,Field termination,6 mm generic terminal-envelope assumption; terminal family not selected,"CONTROLLED LOGICAL TERMINAL; family, conductor size and accessories open",0,0,0,TBD,True,Cable C008 core 2; wire W0024
-X100:23,=FC01+CP01-X100:23,Terminal for CLAMP_RELEASED_FB / 0V,,Terminal,223.0,90,26,6,50,50,DIN rail R4,Field termination,6 mm generic terminal-envelope assumption; terminal family not selected,"CONTROLLED LOGICAL TERMINAL; family, conductor size and accessories open",0,0,0,TBD,True,Cable C008 core 3; wire W0025
-X100:24,=FC01+CP01-X100:24,Terminal for CLAMP_ENGAGED_FB / 24 VDC switched,,Terminal,229.5,90,26,6,50,50,DIN rail R4,Field termination,6 mm generic terminal-envelope assumption; terminal family not selected,"CONTROLLED LOGICAL TERMINAL; family, conductor size and accessories open",0,0,0,TBD,True,Cable C009 core 1; wire W0026
-X101:1,=FC01+CP01-X101:1,Terminal for CLAMP_ENGAGED_FB / +24VDC fused,,Terminal,236.0,90,26,6,50,50,DIN rail R4,Field termination,6 mm generic terminal-envelope assumption; terminal family not selected,"CONTROLLED LOGICAL TERMINAL; family, conductor size and accessories open",0,0,0,TBD,True,Cable C009 core 2; wire W0027
-X101:2,=FC01+CP01-X101:2,Terminal for CLAMP_ENGAGED_FB / 0V,,Terminal,242.5,90,26,6,50,50,DIN rail R4,Field termination,6 mm generic terminal-envelope assumption; terminal family not selected,"CONTROLLED LOGICAL TERMINAL; family, conductor size and accessories open",0,0,0,TBD,True,Cable C009 core 3; wire W0028
-X101:3,=FC01+CP01-X101:3,Terminal for FILL_VALVE_1_CLOSED_FB / 24 VDC switched,,Terminal,249.0,90,26,6,50,50,DIN rail R4,Field termination,6 mm generic terminal-envelope assumption; terminal family not selected,"CONTROLLED LOGICAL TERMINAL; family, conductor size and accessories open",0,0,0,TBD,True,Cable C010 core 1; wire W0029
-X101:4,=FC01+CP01-X101:4,Terminal for FILL_VALVE_1_CLOSED_FB / +24VDC fused,,Terminal,255.5,90,26,6,50,50,DIN rail R4,Field termination,6 mm generic terminal-envelope assumption; terminal family not selected,"CONTROLLED LOGICAL TERMINAL; family, conductor size and accessories open",0,0,0,TBD,True,Cable C010 core 2; wire W0030
-X101:5,=FC01+CP01-X101:5,Terminal for FILL_VALVE_1_CLOSED_FB / 0V,,Terminal,262.0,90,26,6,50,50,DIN rail R4,Field termination,6 mm generic terminal-envelope assumption; terminal family not selected,"CONTROLLED LOGICAL TERMINAL; family, conductor size and accessories open",0,0,0,TBD,True,Cable C010 core 3; wire W0031
-X101:6,=FC01+CP01-X101:6,Terminal for FILL_VALVE_2_CLOSED_FB / 24 VDC switched,,Terminal,268.5,90,26,6,50,50,DIN rail R4,Field termination,6 mm generic terminal-envelope assumption; terminal family not selected,"CONTROLLED LOGICAL TERMINAL; family, conductor size and accessories open",0,0,0,TBD,True,Cable C011 core 1; wire W0032
-X101:7,=FC01+CP01-X101:7,Terminal for FILL_VALVE_2_CLOSED_FB / +24VDC fused,,Terminal,275.0,90,26,6,50,50,DIN rail R4,Field termination,6 mm generic terminal-envelope assumption; terminal family not selected,"CONTROLLED LOGICAL TERMINAL; family, conductor size and accessories open",0,0,0,TBD,True,Cable C011 core 2; wire W0033
-X101:8,=FC01+CP01-X101:8,Terminal for FILL_VALVE_2_CLOSED_FB / 0V,,Terminal,281.5,90,26,6,50,50,DIN rail R4,Field termination,6 mm generic terminal-envelope assumption; terminal family not selected,"CONTROLLED LOGICAL TERMINAL; family, conductor size and accessories open",0,0,0,TBD,True,Cable C011 core 3; wire W0034
-X101:9,=FC01+CP01-X101:9,Terminal for CAPPER_READY / 24 VDC switched,,Terminal,288.0,90,26,6,50,50,DIN rail R4,Field termination,6 mm generic terminal-envelope assumption; terminal family not selected,"CONTROLLED LOGICAL TERMINAL; family, conductor size and accessories open",0,0,0,TBD,True,Cable C012 core 1; wire W0035
-X101:10,=FC01+CP01-X101:10,Terminal for CAPPER_READY / +24VDC fused,,Terminal,294.5,90,26,6,50,50,DIN rail R4,Field termination,6 mm generic terminal-envelope assumption; terminal family not selected,"CONTROLLED LOGICAL TERMINAL; family, conductor size and accessories open",0,0,0,TBD,True,Cable C012 core 2; wire W0036
-X101:11,=FC01+CP01-X101:11,Terminal for CAPPER_READY / 0V,,Terminal,301.0,90,26,6,50,50,DIN rail R4,Field termination,6 mm generic terminal-envelope assumption; terminal family not selected,"CONTROLLED LOGICAL TERMINAL; family, conductor size and accessories open",0,0,0,TBD,True,Cable C012 core 3; wire W0037
-X101:12,=FC01+CP01-X101:12,Terminal for CAPPER_BUSY / 24 VDC switched,,Terminal,307.5,90,26,6,50,50,DIN rail R4,Field termination,6 mm generic terminal-envelope assumption; terminal family not selected,"CONTROLLED LOGICAL TERMINAL; family, conductor size and accessories open",0,0,0,TBD,True,Cable C012 core 4; wire W0038
-X101:13,=FC01+CP01-X101:13,Terminal for CAPPER_COMPLETE / 24 VDC switched,,Terminal,314.0,90,26,6,50,50,DIN rail R4,Field termination,6 mm generic terminal-envelope assumption; terminal family not selected,"CONTROLLED LOGICAL TERMINAL; family, conductor size and accessories open",0,0,0,TBD,True,Cable C012 core 5; wire W0039
-X101:14,=FC01+CP01-X101:14,Terminal for CAPPER_FAULT / 24 VDC switched,,Terminal,320.5,90,26,6,50,50,DIN rail R4,Field termination,6 mm generic terminal-envelope assumption; terminal family not selected,"CONTROLLED LOGICAL TERMINAL; family, conductor size and accessories open",0,0,0,TBD,True,Cable C012 core 6; wire W0040
-X101:15,=FC01+CP01-X101:15,Terminal for LOCAL_RESET_PB / 24 VDC switched,,Terminal,327.0,90,26,6,50,50,DIN rail R4,Field termination,6 mm generic terminal-envelope assumption; terminal family not selected,"CONTROLLED LOGICAL TERMINAL; family, conductor size and accessories open",0,0,0,TBD,True,Cable C013 core 1; wire W0041
-X101:16,=FC01+CP01-X101:16,Terminal for LOCAL_RESET_PB / +24VDC fused,,Terminal,333.5,90,26,6,50,50,DIN rail R4,Field termination,6 mm generic terminal-envelope assumption; terminal family not selected,"CONTROLLED LOGICAL TERMINAL; family, conductor size and accessories open",0,0,0,TBD,True,Cable C013 core 2; wire W0042
-X101:17,=FC01+CP01-X101:17,Terminal for LOCAL_RESET_PB / 0V,,Terminal,340.0,90,26,6,50,50,DIN rail R4,Field termination,6 mm generic terminal-envelope assumption; terminal family not selected,"CONTROLLED LOGICAL TERMINAL; family, conductor size and accessories open",0,0,0,TBD,True,Cable C013 core 3; wire W0043
-X101:18,=FC01+CP01-X101:18,Terminal for LOCAL_STOP_PB / 24 VDC switched,,Terminal,346.5,90,26,6,50,50,DIN rail R4,Field termination,6 mm generic terminal-envelope assumption; terminal family not selected,"CONTROLLED LOGICAL TERMINAL; family, conductor size and accessories open",0,0,0,TBD,True,Cable C014 core 1; wire W0044
-X101:19,=FC01+CP01-X101:19,Terminal for LOCAL_STOP_PB / +24VDC fused,,Terminal,353.0,90,26,6,50,50,DIN rail R4,Field termination,6 mm generic terminal-envelope assumption; terminal family not selected,"CONTROLLED LOGICAL TERMINAL; family, conductor size and accessories open",0,0,0,TBD,True,Cable C014 core 2; wire W0045
-X101:20,=FC01+CP01-X101:20,Terminal for LOCAL_STOP_PB / 0V,,Terminal,359.5,90,26,6,50,50,DIN rail R4,Field termination,6 mm generic terminal-envelope assumption; terminal family not selected,"CONTROLLED LOGICAL TERMINAL; family, conductor size and accessories open",0,0,0,TBD,True,Cable C014 core 3; wire W0046
-X101:21,=FC01+CP01-X101:21,Terminal for FILL_VALVE_1_OPEN_CMD / +24VDC switched,,Terminal,366.0,90,26,6,50,50,DIN rail R4,Field termination,6 mm generic terminal-envelope assumption; terminal family not selected,"CONTROLLED LOGICAL TERMINAL; family, conductor size and accessories open",0,0,0,TBD,True,Cable C015 core 1; wire W0050
-X101:22,=FC01+CP01-X101:22,Terminal for FILL_VALVE_1_OPEN_CMD / 0V,,Terminal,372.5,90,26,6,50,50,DIN rail R4,Field termination,6 mm generic terminal-envelope assumption; terminal family not selected,"CONTROLLED LOGICAL TERMINAL; family, conductor size and accessories open",0,0,0,TBD,True,Cable C015 core 2; wire W0051
-X101:23,=FC01+CP01-X101:23,Terminal for FILL_VALVE_2_OPEN_CMD / +24VDC switched,,Terminal,379.0,90,26,6,50,50,DIN rail R4,Field termination,6 mm generic terminal-envelope assumption; terminal family not selected,"CONTROLLED LOGICAL TERMINAL; family, conductor size and accessories open",0,0,0,TBD,True,Cable C016 core 1; wire W0055
-X101:24,=FC01+CP01-X101:24,Terminal for FILL_VALVE_2_OPEN_CMD / 0V,,Terminal,385.5,90,26,6,50,50,DIN rail R4,Field termination,6 mm generic terminal-envelope assumption; terminal family not selected,"CONTROLLED LOGICAL TERMINAL; family, conductor size and accessories open",0,0,0,TBD,True,Cable C016 core 2; wire W0056
-X102:1,=FC01+CP01-X102:1,Terminal for GATE_OPEN_CMD / +24VDC switched,,Terminal,392.0,90,26,6,50,50,DIN rail R4,Field termination,6 mm generic terminal-envelope assumption; terminal family not selected,"CONTROLLED LOGICAL TERMINAL; family, conductor size and accessories open",0,0,0,TBD,True,Cable C017 core 1; wire W0060
-X102:2,=FC01+CP01-X102:2,Terminal for GATE_OPEN_CMD / 0V,,Terminal,398.5,90,26,6,50,50,DIN rail R4,Field termination,6 mm generic terminal-envelope assumption; terminal family not selected,"CONTROLLED LOGICAL TERMINAL; family, conductor size and accessories open",0,0,0,TBD,True,Cable C017 core 2; wire W0061
-X102:3,=FC01+CP01-X102:3,Terminal for GATE_CLOSE_CMD / +24VDC switched,,Terminal,405.0,90,26,6,50,50,DIN rail R4,Field termination,6 mm generic terminal-envelope assumption; terminal family not selected,"CONTROLLED LOGICAL TERMINAL; family, conductor size and accessories open",0,0,0,TBD,True,Cable C017 core 3; wire W0065
-X102:4,=FC01+CP01-X102:4,Terminal for GATE_CLOSE_CMD / 0V,,Terminal,411.5,90,26,6,50,50,DIN rail R4,Field termination,6 mm generic terminal-envelope assumption; terminal family not selected,"CONTROLLED LOGICAL TERMINAL; family, conductor size and accessories open",0,0,0,TBD,True,Cable C017 core 4; wire W0066
-X102:5,=FC01+CP01-X102:5,Terminal for CLAMP_ENGAGE_CMD / +24VDC switched,,Terminal,418.0,90,26,6,50,50,DIN rail R4,Field termination,6 mm generic terminal-envelope assumption; terminal family not selected,"CONTROLLED LOGICAL TERMINAL; family, conductor size and accessories open",0,0,0,TBD,True,Cable C018 core 1; wire W0070
-X102:6,=FC01+CP01-X102:6,Terminal for CLAMP_ENGAGE_CMD / 0V,,Terminal,424.5,90,26,6,50,50,DIN rail R4,Field termination,6 mm generic terminal-envelope assumption; terminal family not selected,"CONTROLLED LOGICAL TERMINAL; family, conductor size and accessories open",0,0,0,TBD,True,Cable C018 core 2; wire W0071
-X102:7,=FC01+CP01-X102:7,Terminal for CLAMP_RELEASE_CMD / +24VDC switched,,Terminal,431.0,90,26,6,50,50,DIN rail R4,Field termination,6 mm generic terminal-envelope assumption; terminal family not selected,"CONTROLLED LOGICAL TERMINAL; family, conductor size and accessories open",0,0,0,TBD,True,Cable C018 core 3; wire W0075
-X102:8,=FC01+CP01-X102:8,Terminal for CLAMP_RELEASE_CMD / 0V,,Terminal,437.5,90,26,6,50,50,DIN rail R4,Field termination,6 mm generic terminal-envelope assumption; terminal family not selected,"CONTROLLED LOGICAL TERMINAL; family, conductor size and accessories open",0,0,0,TBD,True,Cable C018 core 4; wire W0076
-X102:9,=FC01+CP01-X102:9,Terminal for CAPPER_REQUEST / +24VDC switched,,Terminal,444.0,90,26,6,50,50,DIN rail R4,Field termination,6 mm generic terminal-envelope assumption; terminal family not selected,"CONTROLLED LOGICAL TERMINAL; family, conductor size and accessories open",0,0,0,TBD,True,Cable C012 core 7; wire W0080
-X102:10,=FC01+CP01-X102:10,Terminal for CAPPER_REQUEST / 0V,,Terminal,450.5,90,26,6,50,50,DIN rail R4,Field termination,6 mm generic terminal-envelope assumption; terminal family not selected,"CONTROLLED LOGICAL TERMINAL; family, conductor size and accessories open",0,0,0,TBD,True,Cable C012 core 8; wire W0081
-X102:11,=FC01+CP01-X102:11,Terminal for STACK_GREEN / +24VDC switched,,Terminal,457.0,90,26,6,50,50,DIN rail R4,Field termination,6 mm generic terminal-envelope assumption; terminal family not selected,"CONTROLLED LOGICAL TERMINAL; family, conductor size and accessories open",0,0,0,TBD,True,Cable C019 core 1; wire W0085
-X102:12,=FC01+CP01-X102:12,Terminal for STACK_GREEN / 0V,,Terminal,463.5,90,26,6,50,50,DIN rail R4,Field termination,6 mm generic terminal-envelope assumption; terminal family not selected,"CONTROLLED LOGICAL TERMINAL; family, conductor size and accessories open",0,0,0,TBD,True,Cable C019 core 2; wire W0086
-X102:13,=FC01+CP01-X102:13,Terminal for STACK_AMBER / +24VDC switched,,Terminal,470.0,90,26,6,50,50,DIN rail R4,Field termination,6 mm generic terminal-envelope assumption; terminal family not selected,"CONTROLLED LOGICAL TERMINAL; family, conductor size and accessories open",0,0,0,TBD,True,Cable C019 core 3; wire W0090
-X102:14,=FC01+CP01-X102:14,Terminal for STACK_AMBER / 0V,,Terminal,476.5,90,26,6,50,50,DIN rail R4,Field termination,6 mm generic terminal-envelope assumption; terminal family not selected,"CONTROLLED LOGICAL TERMINAL; family, conductor size and accessories open",0,0,0,TBD,True,Cable C019 core 4; wire W0091
-X102:15,=FC01+CP01-X102:15,Terminal for STACK_RED / +24VDC switched,,Terminal,483.0,90,26,6,50,50,DIN rail R4,Field termination,6 mm generic terminal-envelope assumption; terminal family not selected,"CONTROLLED LOGICAL TERMINAL; family, conductor size and accessories open",0,0,0,TBD,True,Cable C019 core 5; wire W0095
-X102:16,=FC01+CP01-X102:16,Terminal for STACK_RED / 0V,,Terminal,489.5,90,26,6,50,50,DIN rail R4,Field termination,6 mm generic terminal-envelope assumption; terminal family not selected,"CONTROLLED LOGICAL TERMINAL; family, conductor size and accessories open",0,0,0,TBD,True,Cable C019 core 6; wire W0096
-X102:17,=FC01+CP01-X102:17,Terminal for AUDIBLE_ALARM / +24VDC switched,,Terminal,496.0,90,26,6,50,50,DIN rail R4,Field termination,6 mm generic terminal-envelope assumption; terminal family not selected,"CONTROLLED LOGICAL TERMINAL; family, conductor size and accessories open",0,0,0,TBD,True,Cable C019 core 7; wire W0100
-X102:18,=FC01+CP01-X102:18,Terminal for AUDIBLE_ALARM / 0V,,Terminal,502.5,90,26,6,50,50,DIN rail R4,Field termination,6 mm generic terminal-envelope assumption; terminal family not selected,"CONTROLLED LOGICAL TERMINAL; family, conductor size and accessories open",0,0,0,TBD,True,Cable C019 core 8; wire W0101
-X102:19,=FC01+CP01-X102:19,Terminal for CAMERA_LIGHT_ENABLE / +24VDC switched,,Terminal,509.0,90,26,6,50,50,DIN rail R4,Field termination,6 mm generic terminal-envelope assumption; terminal family not selected,"CONTROLLED LOGICAL TERMINAL; family, conductor size and accessories open",0,0,0,TBD,True,Cable C020 core 1; wire W0105
-X102:20,=FC01+CP01-X102:20,Terminal for CAMERA_LIGHT_ENABLE / 0V,,Terminal,515.5,90,26,6,50,50,DIN rail R4,Field termination,6 mm generic terminal-envelope assumption; terminal family not selected,"CONTROLLED LOGICAL TERMINAL; family, conductor size and accessories open",0,0,0,TBD,True,Cable C020 core 2; wire W0106
-X102:21,=FC01+CP01-X102:21,Terminal for FLOW_1_MA_RAW / 4-20mA,,Terminal,522.0,90,26,6,50,50,DIN rail R4,Field termination,6 mm generic terminal-envelope assumption; terminal family not selected,"CONTROLLED LOGICAL TERMINAL; family, conductor size and accessories open",0,0,0,TBD,True,Cable C021 core 1; wire W0107
-X102:22,=FC01+CP01-X102:22,Terminal for FLOW_1_MA_RAW / +24VDC fused,,Terminal,528.5,90,26,6,50,50,DIN rail R4,Field termination,6 mm generic terminal-envelope assumption; terminal family not selected,"CONTROLLED LOGICAL TERMINAL; family, conductor size and accessories open",0,0,0,TBD,True,Cable C021 core 2; wire W0108
-X102:23,=FC01+CP01-X102:23,Terminal for FLOW_1_MA_RAW / 0V analog,,Terminal,535.0,90,26,6,50,50,DIN rail R4,Field termination,6 mm generic terminal-envelope assumption; terminal family not selected,"CONTROLLED LOGICAL TERMINAL; family, conductor size and accessories open",0,0,0,TBD,True,Cable C021 core 3; wire W0109
-X102:24,=FC01+CP01-X102:24,Terminal for FLOW_1_MA_RAW / FE,,Terminal,541.5,90,26,6,50,50,DIN rail R4,Field termination,6 mm generic terminal-envelope assumption; terminal family not selected,"CONTROLLED LOGICAL TERMINAL; family, conductor size and accessories open",0,0,0,TBD,True,Cable C021 core SH; wire W0110
-X103:1,=FC01+CP01-X103:1,Terminal for FLOW_2_MA_RAW / 4-20mA,,Terminal,548.0,90,26,6,50,50,DIN rail R4,Field termination,6 mm generic terminal-envelope assumption; terminal family not selected,"CONTROLLED LOGICAL TERMINAL; family, conductor size and accessories open",0,0,0,TBD,True,Cable C022 core 1; wire W0111
-X103:2,=FC01+CP01-X103:2,Terminal for FLOW_2_MA_RAW / +24VDC fused,,Terminal,554.5,90,26,6,50,50,DIN rail R4,Field termination,6 mm generic terminal-envelope assumption; terminal family not selected,"CONTROLLED LOGICAL TERMINAL; family, conductor size and accessories open",0,0,0,TBD,True,Cable C022 core 2; wire W0112
-X103:3,=FC01+CP01-X103:3,Terminal for FLOW_2_MA_RAW / 0V analog,,Terminal,561.0,90,26,6,50,50,DIN rail R4,Field termination,6 mm generic terminal-envelope assumption; terminal family not selected,"CONTROLLED LOGICAL TERMINAL; family, conductor size and accessories open",0,0,0,TBD,True,Cable C022 core 3; wire W0113
-X103:4,=FC01+CP01-X103:4,Terminal for FLOW_2_MA_RAW / FE,,Terminal,567.5,90,26,6,50,50,DIN rail R4,Field termination,6 mm generic terminal-envelope assumption; terminal family not selected,"CONTROLLED LOGICAL TERMINAL; family, conductor size and accessories open",0,0,0,TBD,True,Cable C022 core SH; wire W0114
-X103:5,=FC01+CP01-X103:5,Terminal for FLOW_1_PULSE / 24 V pulse,,Terminal,574.0,90,26,6,50,50,DIN rail R4,Field termination,6 mm generic terminal-envelope assumption; terminal family not selected,"CONTROLLED LOGICAL TERMINAL; family, conductor size and accessories open",0,0,0,TBD,True,Cable C021 core 4; wire W0115
-X103:6,=FC01+CP01-X103:6,Terminal for FLOW_1_PULSE / 0V,,Terminal,580.5,90,26,6,50,50,DIN rail R4,Field termination,6 mm generic terminal-envelope assumption; terminal family not selected,"CONTROLLED LOGICAL TERMINAL; family, conductor size and accessories open",0,0,0,TBD,True,Cable C021 core 5; wire W0116
-X103:7,=FC01+CP01-X103:7,Terminal for FLOW_2_PULSE / 24 V pulse,,Terminal,587.0,90,26,6,50,50,DIN rail R4,Field termination,6 mm generic terminal-envelope assumption; terminal family not selected,"CONTROLLED LOGICAL TERMINAL; family, conductor size and accessories open",0,0,0,TBD,True,Cable C022 core 4; wire W0117
-X103:8,=FC01+CP01-X103:8,Terminal for FLOW_2_PULSE / 0V,,Terminal,593.5,90,26,6,50,50,DIN rail R4,Field termination,6 mm generic terminal-envelope assumption; terminal family not selected,"CONTROLLED LOGICAL TERMINAL; family, conductor size and accessories open",0,0,0,TBD,True,Cable C022 core 5; wire W0118
-X24:+24V,=FC01+CP01-X24:+24V,Terminal for X24:+24V / +24VDC,,Terminal,600.0,90,26,6,50,50,DIN rail R4,Field termination,6 mm generic terminal-envelope assumption; terminal family not selected,"CONTROLLED LOGICAL TERMINAL; family, conductor size and accessories open",0,0,0,TBD,True,Unassigned logical terminal; cable/core/wire allocation open
-X0:0V,=FC01+CP01-X0:0V,Terminal for X0:0V / 0V,,Terminal,606.5,90,26,6,50,50,DIN rail R4,Field termination,6 mm generic terminal-envelope assumption; terminal family not selected,"CONTROLLED LOGICAL TERMINAL; family, conductor size and accessories open",0,0,0,TBD,True,Unassigned logical terminal; cable/core/wire allocation open
-X0:MANA,=FC01+CP01-X0:MANA,Terminal for X0:MANA / 0V analog,,Terminal,613.0,90,26,6,50,50,DIN rail R4,Field termination,6 mm generic terminal-envelope assumption; terminal family not selected,"CONTROLLED LOGICAL TERMINAL; family, conductor size and accessories open",0,0,0,TBD,True,Unassigned logical terminal; cable/core/wire allocation open
-SC100:1,=FC01+CP01-SC100:1,Terminal for SC100:1 / FE,,Terminal,619.5,90,26,6,50,50,DIN rail R4,Field termination,6 mm generic terminal-envelope assumption; terminal family not selected,"CONTROLLED LOGICAL TERMINAL; family, conductor size and accessories open",0,0,0,TBD,True,Unassigned logical terminal; cable/core/wire allocation open
-PE100:1,=FC01+CP01-PE100:1,Reserved protective-earth terminal,,Terminal,640.0,90,26,6,50,50,DIN rail R4,PE termination,6 mm PE terminal-envelope assumption; count and family provisional,PROVISIONAL — final PE/bonding schedule and sizing required,0,0,0,TBD,True,
-PE100:2,=FC01+CP01-PE100:2,Reserved protective-earth terminal,,Terminal,646.5,90,26,6,50,50,DIN rail R4,PE termination,6 mm PE terminal-envelope assumption; count and family provisional,PROVISIONAL — final PE/bonding schedule and sizing required,0,0,0,TBD,True,
-PE100:3,=FC01+CP01-PE100:3,Reserved protective-earth terminal,,Terminal,653.0,90,26,6,50,50,DIN rail R4,PE termination,6 mm PE terminal-envelope assumption; count and family provisional,PROVISIONAL — final PE/bonding schedule and sizing required,0,0,0,TBD,True,
-PE100:4,=FC01+CP01-PE100:4,Reserved protective-earth terminal,,Terminal,659.5,90,26,6,50,50,DIN rail R4,PE termination,6 mm PE terminal-envelope assumption; count and family provisional,PROVISIONAL — final PE/bonding schedule and sizing required,0,0,0,TBD,True,
-PE100:5,=FC01+CP01-PE100:5,Reserved protective-earth terminal,,Terminal,666.0,90,26,6,50,50,DIN rail R4,PE termination,6 mm PE terminal-envelope assumption; count and family provisional,PROVISIONAL — final PE/bonding schedule and sizing required,0,0,0,TBD,True,
-PE100:6,=FC01+CP01-PE100:6,Reserved protective-earth terminal,,Terminal,672.5,90,26,6,50,50,DIN rail R4,PE termination,6 mm PE terminal-envelope assumption; count and family provisional,PROVISIONAL — final PE/bonding schedule and sizing required,0,0,0,TBD,True,
-PE100:7,=FC01+CP01-PE100:7,Reserved protective-earth terminal,,Terminal,679.0,90,26,6,50,50,DIN rail R4,PE termination,6 mm PE terminal-envelope assumption; count and family provisional,PROVISIONAL — final PE/bonding schedule and sizing required,0,0,0,TBD,True,
-PE100:8,=FC01+CP01-PE100:8,Reserved protective-earth terminal,,Terminal,685.5,90,26,6,50,50,DIN rail R4,PE termination,6 mm PE terminal-envelope assumption; count and family provisional,PROVISIONAL — final PE/bonding schedule and sizing required,0,0,0,TBD,True,
-PE100:9,=FC01+CP01-PE100:9,Reserved protective-earth terminal,,Terminal,692.0,90,26,6,50,50,DIN rail R4,PE termination,6 mm PE terminal-envelope assumption; count and family provisional,PROVISIONAL — final PE/bonding schedule and sizing required,0,0,0,TBD,True,
-PE100:10,=FC01+CP01-PE100:10,Reserved protective-earth terminal,,Terminal,698.5,90,26,6,50,50,DIN rail R4,PE termination,6 mm PE terminal-envelope assumption; count and family provisional,PROVISIONAL — final PE/bonding schedule and sizing required,0,0,0,TBD,True,
-PE100:11,=FC01+CP01-PE100:11,Reserved protective-earth terminal,,Terminal,705.0,90,26,6,50,50,DIN rail R4,PE termination,6 mm PE terminal-envelope assumption; count and family provisional,PROVISIONAL — final PE/bonding schedule and sizing required,0,0,0,TBD,True,
-PE100:12,=FC01+CP01-PE100:12,Reserved protective-earth terminal,,Terminal,711.5,90,26,6,50,50,DIN rail R4,PE termination,6 mm PE terminal-envelope assumption; count and family provisional,PROVISIONAL — final PE/bonding schedule and sizing required,0,0,0,TBD,True,
-SC100,=FC01+CP01-SC100,Analog/encoder shield-clamp reserve,,Device,720,90,26,15,50,55,DIN rail R4 / shield bar,Shield termination,Controlled generic shield-clamp envelope,"PROVISIONAL — clamp family, cable diameters and EMC termination method open",0,0,0,TBD,True,
-PE100,=FC01+CP01-PE100,Copper protective-earth bar reserve,,Infrastructure,80,45,18,640,15,15,Mounting plate,PE,Controlled provisional bar envelope; section and fixing hardware open,"TBD — PE sizing, bonding points and fault-current basis required",0,0,0,TBD,True,
-H100,=FC01+CP01-H100,MTP700 Unified Comfort body,6AV2128-3GB06-0AX1,Door device,300.85,329,241.4,198.3,142,55.6,Door cutout,HMI,Official Siemens envelope/cutout: outer 214 x 158 x 63.6 mm; cutout 198.3 x 142 mm,SELECTED BASELINE — native WinCC project/compile and door reinforcement open,0,0,0,TBD,True,
-QS100,=FC01+CP01-QS100,Door-coupled main isolator body envelope,,Door device,75,660,217,70,90,80,Door coupled,Mains / door,Controlled generic envelope; device not selected,"TBD — supply, fault current, handle/shaft and regulatory basis required",0,0,0,TBD,True,
-ZONE_MAINS_DRIVES,=FC01+CP01-ZONE_MAINS_DRIVES,Mains and drive zone,,Segregation,70,175,18.2,180,535,1,Non-physical visualization,Mains and drive zone,Revision-E layout zoning,NON-PHYSICAL DESIGN INTENT,0,0,0,TBD,False,
-ZONE_CONTROL,=FC01+CP01-ZONE_CONTROL,PLC and 24 VDC control zone,,Segregation,285,225,18.2,335,485,1,Non-physical visualization,PLC and 24 VDC control zone,Revision-E layout zoning,NON-PHYSICAL DESIGN INTENT,0,0,0,TBD,False,
-ZONE_NETWORK_VISION,=FC01+CP01-ZONE_NETWORK_VISION,Network and vision zone,,Segregation,620,225,18.2,120,485,1,Non-physical visualization,Network and vision zone,Revision-E layout zoning,NON-PHYSICAL DESIGN INTENT,0,0,0,TBD,False,
-ZONE_TERMINATION,=FC01+CP01-ZONE_TERMINATION,Field terminal and PE zone,,Segregation,70,45,18.2,670,125,1,Non-physical visualization,Field terminal and PE zone,Revision-E layout zoning,NON-PHYSICAL DESIGN INTENT,0,0,0,TBD,False,
-FAN100-RESERVED,=FC01+CP01-FAN100-RESERVED,Non-physical cooling-solution reserve on right enclosure wall,,Clearance,797,360,110,1,160,160,Non-physical wall reserve,Thermal,160 mm controlled reserve only; cooling solution not selected,"TBD — thermal model, ambient, ingress protection and filter/fan selection required",0,0,0,TBD,False,
