path,bytes,sha256,category,role,revision,gate_status,blocker
.gitattributes,1351,80ca1bf75e943ed34c0e4adf80be18b3ff99b21f21c18ffef66fcc1b6933198e,Repository control,Controlled artifact,D.1,PASS,
.github/workflows/revision-d1-reproduce.yml,2227,9bc49cf16a4fa307030a4601582ae6acad5407a9ab464a8aa699b07aca0c397d,Repository control,Controlled artifact,D.1,PASS,
.gitignore,80,8ce0a10a2d9b4184830cf7967d4e6635e53e629cabafcdbf94dbe6a70c590dd8,Repository control,Controlled artifact,D.1,PASS,
00_project_control/acceptance_gates.csv,2299,4f75befb03ef1329ec70ef90a1f682991e2e080f75b33b32f02d48abf2316fca,Project control,Controlled artifact,D.1,PASS,
00_project_control/agent_ownership.csv,397,9be29c9e6ed3ee7e90d2ed5636be76765d7624ec14148f64aceeabf913918214,Project control,Controlled artifact,D.1,PASS,
00_project_control/canonical_model.json,503820,06aebcbf94e1a206628736c908cca917268596523881c0253edd6c913a0f26ca,Project control,Controlled artifact,D.1,PASS,
00_project_control/component_rationale_register.md,112441,143b5fedd0a2b11f99d31e63875e90ed76e141f1c6fa291423519e2b0791f0ab,Project control,Controlled artifact,D.1,PASS,
00_project_control/decision_register.csv,2514,8095a00e9714fae7c8971de12c38f5ca0d6d38802ea0689d82492e34bb00ae07,Project control,Controlled artifact,D.1,PASS,
00_project_control/delivery_plan.md,1444,449f1c60662cf31a16645938b245310fc4a1c0eb91e2d6350a2b6f5cec248c25,Project control,Controlled artifact,D.1,PASS,
00_project_control/dependency_graph.mmd,569,e983eacbe4940a78564fb246cc5c719b8dfd74b7be5ed310c55a101c1af5a3d3,Project control,Controlled artifact,D.1,PASS,
00_project_control/design_basis.md,1143,7000052b139e3d2b24fcab3e12d725c596d30cd9d32656942f24d17ded81d584,Project control,Controlled artifact,D.1,PASS,
00_project_control/engineering_change_register.csv,4383,a01cc851d4842160758abc72c5bf3e0f2b1f09e41432f8c8f29ecfec1687df00,Project control,Controlled artifact,D.1,PASS,
00_project_control/final_release_checklist.md,1111,698d876fc9c6afe432e330f269b1ea768d845b377bdfdd523f9d23d337839128,Project control,Controlled artifact,D.1,PASS,
00_project_control/input_request_register.csv,5150,d1d4fd990a8fc5e5e465e7f8504ed2213e407ecfb785894a37d9235626f9f4b2,Project control,Controlled artifact,D.1,PASS,
00_project_control/open_issues.csv,1354,816f8758b7446b89249c111f47d319370ffab7470fca0801ef9aa4d315124a89,Project control,Controlled artifact,D.1,PASS,
00_project_control/ownership.csv,763,fc9be57c8ce6ce12dd603a244bc642dcd16318d148b34f40a450618aed6a6ecb,Project control,Controlled artifact,D.1,PASS,
00_project_control/repository_release_workflow.md,2238,5c3f258efe44192295d9036f476ec34e0c9e080a874733c29cb3f68346482052,Project control,Controlled artifact,D.1,PASS,
00_project_control/revision_history.csv,702,6efe60c67931af02f040784d178df0adda1f789f7e34db3a5398f1aff6f86a0a,Project control,Controlled artifact,D.1,PASS,
00_project_control/standards_sources_register.csv,2157,a115662cd89015608f21600c1571801cc1022225be3a2c5baa2f33194ede4613,Project control,Controlled artifact,D.1,PASS,
01_requirements/assumption_register.md,1430,2b9bb5f52f55d1dad53a4eb93a70c2038ed45fb533444b0cadcf7a063054b19d,Requirements,Controlled artifact,D.1,PASS,
01_requirements/legacy_tag_migration.md,596,68308a102b40406a0990503acd4620ab995f538842d64d1e8e9abe84193bef93,Requirements,Controlled artifact,D.1,PASS,
01_requirements/user_requirements_specification.md,2463,3227abc599e46b75a6c80d45e57b1d31c94f4a854de460beae137c82f0a03a5e,Requirements,Controlled artifact,D.1,PASS,
02_system_architecture/architecture_decisions.md,11036,2851125a0dec8d042ef4326dfe69172e48dc65b05127f22e0d2ae8939f807ebe,Architecture,Controlled artifact,D.1,PASS,
02_system_architecture/interface_control_document.md,3433,705715e4504baa0a3044bb492d7d20e3c9dd9b3e75cc2d8f8a30985165d3ebcc,Architecture,Controlled artifact,D.1,PASS,
02_system_architecture/network_hardware_decision.md,1945,97ad1ae637f1419b403b6bd29fb3e5ff749d3dd67869ea65c9d55835ccbca2aa,Architecture,Controlled artifact,D.1,PASS,
02_system_architecture/state_and_sequence.md,1592,686f5a77e20a5ff93d6478650b71b7055bd5696dcfd7326108985afea5e8de1d,Architecture,Controlled artifact,D.1,PASS,
02_system_architecture/system_architecture.md,1572,03f6a1ba1c469dc87137b6b05bc492c25c7c324deaa39d34adff43d009f5e30a,Architecture,Controlled artifact,D.1,PASS,
03_electrical/README.md,886,c1b1884351317b9038c9cf7a89ce8ea6c64f5a122270864ef5d535b72348e6a8,Electrical baseline,Historical/native-boundary and controlled design data,D.1,OPEN,Revision-D.1 native replacement/reopen blocked
03_electrical/electrical_calculations.md,1537,b42e4f7f007ca82b55ee7814f34e1f7c8e63202932a4b583ef8aba3e57e66f0c,Electrical baseline,Historical/native-boundary and controlled design data,D.1,OPEN,Revision-D.1 native replacement/reopen blocked
03_electrical/native_baseline/filling_cell.qet,875734,d817036497afbf0f48379da4dbce81cd1d7b7cca28bfc8341d5b437d2421660b,Electrical baseline,Historical/native-boundary and controlled design data,D.1,OPEN,Revision-D.1 native replacement/reopen blocked
03_electrical/native_baseline/filling_cell_schematics.pdf,122358,77391ee282cc2c35f5f69b5c9262a076a9606a736e203b209a13dc00be61bd62,Electrical baseline,Historical/native-boundary and controlled design data,D.1,OPEN,Revision-D.1 native replacement/reopen blocked
04_controls_siemens/cpu_tia_v20_compatibility.md,2196,61427122fc3739d3164321b24851b5ad9445b0d899777889e1e7a9820e1a776a,Siemens sources,Design source/specification,D.1,OPEN,Native compile/configuration not executed
04_controls_siemens/hardware_selection_report.md,3521,ff7742be7ca2046dca17fea673c547da8792f660f97ccffddef6aff8b6634e34,Siemens sources,Design source/specification,D.1,OPEN,Native compile/configuration not executed
04_controls_siemens/import_order.txt,413,95d5a995a7161ed2928cb71431955c0ec9a7c5c0cef7e74377a2b191e1cf8543,Siemens sources,Design source/specification,D.1,OPEN,Native compile/configuration not executed
04_controls_siemens/scl/00_types.scl,4222,176f94820a6febab1b0d2a9089b610756890e20fd206402e36ca902108a9e3a1,Siemens sources,Design source/specification,D.1,OPEN,Native compile/configuration not executed
04_controls_siemens/scl/DB_CellMain.scl,180,8549c19c289f5e3f17cedac34184da75404e35bd4c1ee7394dc23ceb2d81655b,Siemens sources,Design source/specification,D.1,OPEN,Native compile/configuration not executed
04_controls_siemens/scl/DB_Global.scl,2440,00695d5028f41033ecc9dd292b783b9dc1df91387c1979513a58da6925990995,Siemens sources,Design source/specification,D.1,OPEN,Native compile/configuration not executed
04_controls_siemens/scl/FB_Actuator2Pos.scl,1024,cb35858ee87d64b95d3c24ef75b6050df7519aef1424f08b1e0051444bd3145b,Siemens sources,Design source/specification,D.1,OPEN,Native compile/configuration not executed
04_controls_siemens/scl/FB_AlarmManager.scl,736,5292d019dd30bbd31143389666b0ddff6f65860ef2a55d36049b5733bbd583de,Siemens sources,Design source/specification,D.1,OPEN,Native compile/configuration not executed
04_controls_siemens/scl/FB_CapperInterface.scl,2306,ed99225b054bd0c9dd0619eb4146a1591df74d4c7710437c86ce0cb0a40febb2,Siemens sources,Design source/specification,D.1,OPEN,Native compile/configuration not executed
04_controls_siemens/scl/FB_CellMain.scl,24084,8d420b64180c9e6f360b11a5dcdc80350e2f52e28756ae41b7cfb0a14263bca4,Siemens sources,Design source/specification,D.1,OPEN,Native compile/configuration not executed
04_controls_siemens/scl/FB_FillChannel.scl,9250,225232d26777b93af06af976ec2f48282a0d7d9b1f1579da2c0d2e0899abbd29,Siemens sources,Design source/specification,D.1,OPEN,Native compile/configuration not executed
04_controls_siemens/scl/FB_HMICommandManager.scl,4192,775b7b89bec679762feb42eefe2078fa89293602c2510a48e5daa34ddc5edbba,Siemens sources,Design source/specification,D.1,OPEN,Native compile/configuration not executed
04_controls_siemens/scl/FB_MachineCoordinator.scl,4898,f8c1d39d1e2c665712a825401a07944848ac632b3d8d36f856ad2672e5152fcc,Siemens sources,Design source/specification,D.1,OPEN,Native compile/configuration not executed
04_controls_siemens/scl/FB_RecipeManager.scl,1704,f4702552d14b3fcad349827dd3dd746f1a4a18e3ee7c6687c8dfdd1557410913,Siemens sources,Design source/specification,D.1,OPEN,Native compile/configuration not executed
04_controls_siemens/scl/FB_VFD.scl,1949,fc14895f76fce56eb94f72a9a2d0efbee7568a83ca51db4a4408df463677f5ba,Siemens sources,Design source/specification,D.1,OPEN,Native compile/configuration not executed
04_controls_siemens/scl/FB_VisionInterface.scl,8402,adc5fa7e2092e79da989e15fcfe8a54782bec0cb1f7770be37ac9a9cd95df5ae,Siemens sources,Design source/specification,D.1,OPEN,Native compile/configuration not executed
04_controls_siemens/scl/OB100_Startup.scl,1948,aca466c130749d00375f0f7598769145f983e6fe0e36c870bb9d91a8f44a32e6,Siemens sources,Design source/specification,D.1,OPEN,Native compile/configuration not executed
04_controls_siemens/scl/OB1_Call_Structure.scl,133,396f70d3f240ac6561235ef0264876df9c97bc1f5039ff818215318599fbb571,Siemens sources,Design source/specification,D.1,OPEN,Native compile/configuration not executed
04_controls_siemens/software_architecture.md,1347,e34ffa6b57be6b8bbea3fdd2f46264a8be7dc3faef5ee5ffc88d6cac2904535d,Siemens sources,Design source/specification,D.1,OPEN,Native compile/configuration not executed
04_controls_siemens/toolchain_status.md,1171,6be301f85add06cda814508a818b13bed3688fc7a51f927c4eb55695ca8ee32a,Siemens sources,Design source/specification,D.1,OPEN,Native compile/configuration not executed
05_hmi/hmi_specification.md,1327,d6c08df18f4351b08447681c2f139e3c32886bcffa959b37f5863f1ddbbd33b8,HMI,Design source/specification,D.1,OPEN,Native compile/configuration not executed
05_hmi/navigation.mmd,329,524402c624623ea1ffb0491bb7f6a598e2569ccda73757df1ce3f25272fa3ade,HMI,Design source/specification,D.1,OPEN,Native compile/configuration not executed
06_drives/drive_control_philosophy.md,1040,0a68194b530babe6969bd9eb46cc10174f5aaef2f0dcd8e5091e47d609c2cb20,Drives,Design source/specification,D.1,OPEN,Native compile/configuration not executed
07_nvidia_vision/annotation_schema.json,628,d26742a7097bcfff3e388e0fa7275e16075a354fda4396ff72bc8a97f8696cca,Vision,Locally tested source plus deployment specification,D.1,PARTIAL,Python tests pass; real dataset/OPC UA/target runtime unavailable
07_nvidia_vision/camera_fov_calculation.md,1043,cc4f949be36b38c61d518acbea1ad569d0a74672e4a351e8c3b207007f9855b2,Vision,Locally tested source plus deployment specification,D.1,PARTIAL,Python tests pass; real dataset/OPC UA/target runtime unavailable
07_nvidia_vision/config_infer_primary.txt,390,913f21ff00487e0f382a1fd466d76b0e11e179d8a161c37b4850586180744e44,Vision,Locally tested source plus deployment specification,D.1,PARTIAL,Python tests pass; real dataset/OPC UA/target runtime unavailable
07_nvidia_vision/dataset_annotation_guide.md,1052,9a2598712c131ac7470aa5e35b6b33955a123edee603a6a6f352125e7e0c93c0,Vision,Locally tested source plus deployment specification,D.1,PARTIAL,Python tests pass; real dataset/OPC UA/target runtime unavailable
07_nvidia_vision/dataset_manifest.csv,102,67b0d6602df3a996b1fb6b5b87f32de047e2ebb2b970c3764572c51e2bc7174f,Vision,Locally tested source plus deployment specification,D.1,PARTIAL,Python tests pass; real dataset/OPC UA/target runtime unavailable
07_nvidia_vision/deepstream_app_config.txt,557,d11f3958e0fcfc788d708dfb20453f6a596b5863ec0df14de479e2aa07a9e8ae,Vision,Locally tested source plus deployment specification,D.1,PARTIAL,Python tests pass; real dataset/OPC UA/target runtime unavailable
07_nvidia_vision/edge_service/README.md,1751,1ea07659d69f1b19a4dbbb5e5fd98e46cf588a7009eb4ab0a4b591452cdc9262,Vision,Locally tested source plus deployment specification,D.1,PARTIAL,Python tests pass; real dataset/OPC UA/target runtime unavailable
07_nvidia_vision/edge_service/protocol.py,5806,b81b23c8e1ea944e81baa2023d67ccf23a37ae2e132445dc5dd593a39593622f,Vision,Locally tested source plus deployment specification,D.1,PARTIAL,Python tests pass; real dataset/OPC UA/target runtime unavailable
07_nvidia_vision/edge_service/service.py,13971,4679033f13102bd1d4246a4b04503f17784cf6b3f6f0510a206c02845cc9b732,Vision,Locally tested source plus deployment specification,D.1,PARTIAL,Python tests pass; real dataset/OPC UA/target runtime unavailable
07_nvidia_vision/edge_service/service_config.json,3079,a5f421b90103c9e971c3fd4d82e8648caa9d0125e516917939d444e5d8c6b773,Vision,Locally tested source plus deployment specification,D.1,PARTIAL,Python tests pass; real dataset/OPC UA/target runtime unavailable
07_nvidia_vision/edge_service/tests/test_service.py,20933,3f7a025a25b604458525c165026d382a5497cc0b618b2ef3f11e05255b7dc2d5,Vision,Locally tested source plus deployment specification,D.1,PARTIAL,Python tests pass; real dataset/OPC UA/target runtime unavailable
07_nvidia_vision/evaluation_report.md,996,ee09a77d84af9a255ee9feec4cf57e196832f8e80bf0f57d3cf36bc05b455170,Vision,Locally tested source plus deployment specification,D.1,PARTIAL,Python tests pass; real dataset/OPC UA/target runtime unavailable
07_nvidia_vision/labels.txt,77,736cdf34807032559799a36e4e7569fc54a08965caabde22221e006e6361c8b3,Vision,Locally tested source plus deployment specification,D.1,PARTIAL,Python tests pass; real dataset/OPC UA/target runtime unavailable
07_nvidia_vision/model_card.md,1227,2986eac83bdac25589af812774761a745d3a4b7da544209e1e7818ae5f8b40a6,Vision,Locally tested source plus deployment specification,D.1,PARTIAL,Python tests pass; real dataset/OPC UA/target runtime unavailable
07_nvidia_vision/plc_ai_node_map.csv,1782,a1921fa149d92edaee17cfe7c38eadb376e91503de7831cceb48277581a0d501,Vision,Locally tested source plus deployment specification,D.1,PARTIAL,Python tests pass; real dataset/OPC UA/target runtime unavailable
07_nvidia_vision/plc_interface_harness.py,5702,7b17ce31a2be51d743b5417f86eb73be929855c71aa1a7381a265c1c8b1b0bf9,Vision,Locally tested source plus deployment specification,D.1,PARTIAL,Python tests pass; real dataset/OPC UA/target runtime unavailable
07_nvidia_vision/tao_execution_plan.md,1315,7fb6cbefc7843ef0876a30b95ba62b6b5fbd0f964b4f07c18573c5a52110d076,Vision,Locally tested source plus deployment specification,D.1,PARTIAL,Python tests pass; real dataset/OPC UA/target runtime unavailable
07_nvidia_vision/test_plc_interface_harness.py,6155,bd330dd6621add8443e4ccecf7a81be7e0dec49abc32cfdc8dda918cf6ed5a17,Vision,Locally tested source plus deployment specification,D.1,PARTIAL,Python tests pass; real dataset/OPC UA/target runtime unavailable
07_nvidia_vision/vision_system_specification.md,1175,fe902ee5c62fb3e6b4979fcb4e062c9f8be125bff0297534f54254452400ae9e,Vision,Locally tested source plus deployment specification,D.1,PARTIAL,Python tests pass; real dataset/OPC UA/target runtime unavailable
08_digital_twin/digital_twin_architecture.md,1147,3b47a52f534c6bc51c331b121e7863602270b358e3f5f2433c81f380ca6c061b,Digital twin,Architecture/source,D.1,OPEN,Real dataset/target runtime unavailable
08_digital_twin/synthetic_variation_plan.csv,419,0909c4cef5e01f8cc503c1ad830f35990a280936e986f8e73157c5c2a377c6a9,Digital twin,Architecture/source,D.1,OPEN,Real dataset/target runtime unavailable
09_panel_cad/README.md,790,8e6f74110219465573ea1b309f2f17178ee2dd1b3ab301021b6113b84f6b97a1,Panel baseline,Historical/native-boundary and controlled design data,D.1,OPEN,Revision-D.1 native replacement/reopen blocked
09_panel_cad/native_baseline/filling_cell_panel.FCStd,81770,306b7376fd2b870b879cf78171e51b02b68fe23678fe15c61c81d48bcc90cf31,Panel baseline,Historical/native-boundary and controlled design data,D.1,OPEN,Revision-D.1 native replacement/reopen blocked
09_panel_cad/native_baseline/filling_cell_panel.iges,870345,ad6447e85e81e4960e3e2b8f68287dafe0554401b24169f4ffde34d47fe26630,Panel baseline,Historical/native-boundary and controlled design data,D.1,OPEN,Revision-D.1 native replacement/reopen blocked
09_panel_cad/native_baseline/filling_cell_panel.step,427908,6340777b10172ba7cae5b1749cb5611d00f5dc2f8371ac249a0dd921e96db36a,Panel baseline,Historical/native-boundary and controlled design data,D.1,OPEN,Revision-D.1 native replacement/reopen blocked
09_panel_cad/native_baseline/mounting_plate.dxf,15277,9ddd38069e43c74c92393bf7f2d3dda729dfce041cedcd16fcdfca0dd433828d,Panel baseline,Historical/native-boundary and controlled design data,D.1,OPEN,Revision-D.1 native replacement/reopen blocked
10_schedules/FC01_engineering_schedules.xlsx,99458,042e9e6d14b3119427f7176702f0a6e8a9c9e74786b0771f250b0bc0be55fb9a,Schedules,Controlled artifact,D.1,PASS,
10_schedules/acceptance_gates.csv,2299,4f75befb03ef1329ec70ef90a1f682991e2e080f75b33b32f02d48abf2316fca,Schedules,Controlled artifact,D.1,PASS,
10_schedules/alarms.csv,6501,fe638efafe0481e5c15e738ce7f0689137138bce8f6b467b93bceb6e21ae807b,Schedules,Controlled artifact,D.1,PASS,
10_schedules/bom.csv,8947,40a9bfce77fc8f4a3eade2c006bf5ff3450e9bf4e72e6846afa8f0fbe943a47a,Schedules,Controlled artifact,D.1,PASS,
10_schedules/cable_schedule.csv,4383,08231ccef143733afa488e39271c6fbb41a3d9a3be25f7c5bf874a0b4fdf4a90,Schedules,Controlled artifact,D.1,PASS,
10_schedules/component_rationale.csv,106130,2703c3fa7697fd928661085b2bef30c97f99ce78cf6fa557b5a985257a7c5fa4,Schedules,Controlled artifact,D.1,PASS,
10_schedules/drive_interfaces.csv,1226,8599432d9f83fb1a52154b81e0eb09021482570f60c372dc9772d87ebdeb3116,Schedules,Controlled artifact,D.1,PASS,
10_schedules/hmi_tags.csv,9055,84340ce9300b71a8a0a21f844133e3ffb93ff6b9f19c0368da9796f20221604d,Schedules,Controlled artifact,D.1,PASS,
10_schedules/input_request_register.csv,5150,d1d4fd990a8fc5e5e465e7f8504ed2213e407ecfb785894a37d9235626f9f4b2,Schedules,Controlled artifact,D.1,PASS,
10_schedules/load_budget.csv,695,1f7b96c0c7339afd252fb25da7c970ef237e9ac5d2b7032bfc07467888fc92e6,Schedules,Controlled artifact,D.1,PASS,
10_schedules/network_nodes.csv,896,3f13cd7606a681f8b2946bd512701ae6adf1a365626e81459ce2bed510f54241,Schedules,Controlled artifact,D.1,PASS,
10_schedules/nvidia_interface_tags.csv,2772,1467e135fa578c753b3f165bed1098de0fa57f4fb8b3ced9ce77ac2a5deb548e,Schedules,Controlled artifact,D.1,PASS,
10_schedules/panel_placement.csv,3263,d59ae831bac20391a4f27474ce4f7b65bc68e2a4f364a12eae1ae4a43358aa65,Schedules,Controlled artifact,D.1,PASS,
10_schedules/plc_io.csv,7058,e0142bad48531f8c2ab7b01209aa883d7cc43c6b8dbff35186df61786560aca5,Schedules,Controlled artifact,D.1,PASS,
10_schedules/point_to_point_connections.csv,31804,0f39ba1cfb37f4cdf8bdacc1afdc5cdfd90c7b6c574205ba813048921329631a,Schedules,Controlled artifact,D.1,PASS,
10_schedules/requirements_traceability.csv,8159,f0e6c723dae2b28c1cbe476f7976dbde1be308855621895584bbd45499152820,Schedules,Controlled artifact,D.1,PASS,
10_schedules/siemens_hardware.csv,3603,a412bffa7bf04a60878c2fde3fa728d6d3884c8366dfa723c9b67b890e0fff3d,Schedules,Controlled artifact,D.1,PASS,
10_schedules/terminal_plan.csv,20788,fc6a1a5fa33de4f9bfe0b954cbb6d877e155ecabe70802ac34d589c5d8813924,Schedules,Controlled artifact,D.1,PASS,
10_schedules/test_coverage.csv,11370,c6027dd535e4b041c559c10e806e9468792aeb621533d67a91158f0d8d22fc56,Schedules,Controlled artifact,D.1,PASS,
10_schedules/vfd_parameters.csv,644,692c83d97e4f5cd4cca33ea610d203be06804620193ca28f207b6af83581f476,Schedules,Controlled artifact,D.1,PASS,
10_schedules/wire_list.csv,31804,0f39ba1cfb37f4cdf8bdacc1afdc5cdfd90c7b6c574205ba813048921329631a,Schedules,Controlled artifact,D.1,PASS,
11_simulation/README.md,3256,0157e4b9f68ebfae17aa333d1241a0edc4122884295070b66fdc289782ac4899,Simulation,Independent design evidence,D.1,PASS,Not Siemens/physical evidence
11_simulation/filling_cell_simulator.py,52564,51b7c107de0c4a92db99fb8920cae78d19343a0c03aadcd13b88836dfe5d86c8,Simulation,Independent design evidence,D.1,PASS,Not Siemens/physical evidence
11_simulation/interface_models.py,13439,77634c357c7f43c54a2588052d1ce8fa1bce685d9bb61e2487b2c31b6028a6c9,Simulation,Independent design evidence,D.1,PASS,Not Siemens/physical evidence
11_simulation/outputs/run_metadata.json,1218,4ae06e107d55e15a2124a2deb9253d0eee43df51045748ed0e40af8cca119d61,Simulation,Independent design evidence,D.1,PASS,Not Siemens/physical evidence
11_simulation/outputs/scenario_results.csv,11371,499ae1a27ea5bc1d9e733015b91cbe1dfde37cb4284e0cddb5be85bee45e14a9,Simulation,Independent design evidence,D.1,PASS,Not Siemens/physical evidence
11_simulation/outputs/traces/air_pressure_loss.csv,31663,b98b3b16619c52cc05acbb8d78036a8c518346967c20919f6c71ad3d9df88a44,Simulation,Independent design evidence,D.1,PASS,Not Siemens/physical evidence
11_simulation/outputs/traces/both_bottles_missing.csv,38095,0c8e14242422ac7bda53c63b2abb9cc900b0bb14f761f59c7ae85e094d9026ec,Simulation,Independent design evidence,D.1,PASS,Not Siemens/physical evidence
11_simulation/outputs/traces/bottle_sensor_stuck_off.csv,38095,0c8e14242422ac7bda53c63b2abb9cc900b0bb14f761f59c7ae85e094d9026ec,Simulation,Independent design evidence,D.1,PASS,Not Siemens/physical evidence
11_simulation/outputs/traces/bottle_sensor_stuck_on.csv,11041,6dbb8454e3849f24e44cb67a3a42f879f2609d7c137c2b492b20a75b2caa4fcc,Simulation,Independent design evidence,D.1,PASS,Not Siemens/physical evidence
11_simulation/outputs/traces/capper_busy_timeout.csv,76398,a303a8cba52b332e49a5158c576d3754d991d3c8452485a96a176e6e116116ae,Simulation,Independent design evidence,D.1,PASS,Not Siemens/physical evidence
11_simulation/outputs/traces/capper_fault.csv,69430,a10103df88e7559be9c5c204e82392074ec661d0061d64073b60659dc3f42698,Simulation,Independent design evidence,D.1,PASS,Not Siemens/physical evidence
11_simulation/outputs/traces/capper_not_ready.csv,66830,b7a5d95a9d94e22c49f8452c157a15f584f3b8f1501c1e2b7f7b31e3b48472eb,Simulation,Independent design evidence,D.1,PASS,Not Siemens/physical evidence
11_simulation/outputs/traces/clamp_timeout.csv,32022,5a4e3b7cd5ff21a239360df9409706e2bbd2c899527f01cf0fdad48a33403b7d,Simulation,Independent design evidence,D.1,PASS,Not Siemens/physical evidence
11_simulation/outputs/traces/contradictory_actuator_feedback.csv,5978,1e3aefcb85bf17d4989d5208472816be05334e5a88fec1437d5f9ef9bbf25b38,Simulation,Independent design evidence,D.1,PASS,Not Siemens/physical evidence
11_simulation/outputs/traces/conveyor_vfd_fault.csv,13565,305d44f1b7618cffb486a4f8aa96ac11ccaf50af89f25bbc2f72034114542972,Simulation,Independent design evidence,D.1,PASS,Not Siemens/physical evidence
11_simulation/outputs/traces/flow_analog_pulse_disagreement.csv,33749,c4c6ef5d1c67a4daf64f52a0e849ea85ef2856a14e09ef75a6087e499faa0bec,Simulation,Independent design evidence,D.1,PASS,Not Siemens/physical evidence
11_simulation/outputs/traces/flow_channel_no_pulse.csv,32881,687e5913ea11ae377e98cf7137a56a96c8f44bf0fba328437e2a76c530b5b62e,Simulation,Independent design evidence,D.1,PASS,Not Siemens/physical evidence
11_simulation/outputs/traces/gate_timeout.csv,29444,03ed309491f296ba6e6d1a082979509717aaa072e150467fc998e4df0bd10070,Simulation,Independent design evidence,D.1,PASS,Not Siemens/physical evidence
11_simulation/outputs/traces/hmi_communications_loss.csv,33755,09835ddcc393a5be7f41564dd61baef1da74f11e51aeb2f6c9fb26fafb7a4a09,Simulation,Independent design evidence,D.1,PASS,Not Siemens/physical evidence
11_simulation/outputs/traces/low_confidence_inspection.csv,57612,f35717a405f44b50d0d7494aff5688f467ab304252e2c8b3d3431ac649898c39,Simulation,Independent design evidence,D.1,PASS,Not Siemens/physical evidence
11_simulation/outputs/traces/manual_mode_interlocks.csv,8451,da929cdafe02877656195c7528b9fa56853e17025ba573ba380f72c3215b5e08,Simulation,Independent design evidence,D.1,PASS,Not Siemens/physical evidence
11_simulation/outputs/traces/normal_two_bottle_cycle.csv,71373,9bbaf1f28ea5f9d281acfa4ea44ece46044125c05e5d017852cc1da587eb6192,Simulation,Independent design evidence,D.1,PASS,Not Siemens/physical evidence
11_simulation/outputs/traces/one_bottle_fails.csv,57612,f52333d64cdfe7d8709b296d96e13072066979c682578c5084515de43153035b,Simulation,Independent design evidence,D.1,PASS,Not Siemens/physical evidence
11_simulation/outputs/traces/overfill.csv,57945,a4b91c7ebc63949f0f49a510dcd325094b89d4d452800d6a820ef773317086c7,Simulation,Independent design evidence,D.1,PASS,Not Siemens/physical evidence
11_simulation/outputs/traces/plc_heartbeat_loss.csv,55134,48c32310eb1f7b8f69d11da626f77a02dbfff2560b1ed73d353ffad4288b1e9a,Simulation,Independent design evidence,D.1,PASS,Not Siemens/physical evidence
11_simulation/outputs/traces/power_loss_during_filling.csv,37199,b83e356fde7424b6b09f76185b0d83a1c9394a9099fef2599e34a1d88e3737e4,Simulation,Independent design evidence,D.1,PASS,Not Siemens/physical evidence
11_simulation/outputs/traces/power_restoration.csv,18873,ff568e18084ecc8fab41ae3e8a8cf2779b6e72e0bbc53a34ce64cf7dcb108337,Simulation,Independent design evidence,D.1,PASS,Not Siemens/physical evidence
11_simulation/outputs/traces/product_supply_loss.csv,31656,645131e7b5823ae7040923aaa901215275f255c7f2f52aa2546fa1bb0fab0cde,Simulation,Independent design evidence,D.1,PASS,Not Siemens/physical evidence
11_simulation/outputs/traces/pump_vfd_fault.csv,29701,f8fb3f2336a2f4ab57ca5f32242260d2bdd9c8e7306ad29836246ff0739fe9dc,Simulation,Independent design evidence,D.1,PASS,Not Siemens/physical evidence
11_simulation/outputs/traces/reset_no_restart.csv,32695,e1e3e3ae17e8065fdf4433d3fecac4aba8b985da7e7611f385a61d1f7bfc13a7,Simulation,Independent design evidence,D.1,PASS,Not Siemens/physical evidence
11_simulation/outputs/traces/single_missing_bottle.csv,38016,14679be6325fb1b0e31840c030fc02a3d0116a6b9ce577b3bf3793f999fb3795,Simulation,Independent design evidence,D.1,PASS,Not Siemens/physical evidence
11_simulation/outputs/traces/stale_inspection_id.csv,57300,7465add3f2857151612e1ca98d3b2c73e5c357cd03be25b009433ad3efec87e1,Simulation,Independent design evidence,D.1,PASS,Not Siemens/physical evidence
11_simulation/outputs/traces/underfill.csv,57915,5c1e41865148b2458c1e806505e0d3a33a5050a83362f3e663bbf5cb48d77d2f,Simulation,Independent design evidence,D.1,PASS,Not Siemens/physical evidence
11_simulation/outputs/traces/valve_fails_to_close.csv,47613,0323aed78bb05808fb0b0c97d2bcbe8c7dfa0b3f16732d81c366b8163d0376f0,Simulation,Independent design evidence,D.1,PASS,Not Siemens/physical evidence
11_simulation/outputs/traces/vision_heartbeat_loss.csv,54223,b5a27f2067f8c469b24fd0f3d18168d49020d11dfa62f6c0d0f18130ced5e1f0,Simulation,Independent design evidence,D.1,PASS,Not Siemens/physical evidence
11_simulation/outputs/traces/vision_not_ready.csv,63832,80e45d2faa3dfe35fee585b5311281fdfff8ccbdf9617b878d8b85679f21c28b,Simulation,Independent design evidence,D.1,PASS,Not Siemens/physical evidence
11_simulation/outputs/traces/vision_result_timeout.csv,63724,3887d8e5688c82cc4d4f5b40ac4332744b9ab880e767bf5870fe514bb3eb683e,Simulation,Independent design evidence,D.1,PASS,Not Siemens/physical evidence
11_simulation/run_scenarios.py,2289,4cf89834e83d67779ec207bbc08ec53314a25e71eef27a9d7d95cda1532c49bc,Simulation,Independent design evidence,D.1,PASS,Not Siemens/physical evidence
11_simulation/tests/test_properties.py,3260,1eb8ba3d4e932b2564a630bb37e4c6c4d5554d47a4149582acfd8f393b3ac9c4,Simulation,Independent design evidence,D.1,PASS,Not Siemens/physical evidence
11_simulation/tests/test_protocol.py,4789,1f4a09a018e848beebbed320678a940dedb0d75fde18c529ac9ce5347ab5d6fd,Simulation,Independent design evidence,D.1,PASS,Not Siemens/physical evidence
11_simulation/tests/test_revision_d1_siemens_contracts.py,5764,2c1f82790245350ea64ce959dd622b8bed5647e7a31a93d5ae75b17849c7abfa,Simulation,Independent design evidence,D.1,PASS,Not Siemens/physical evidence
11_simulation/tests/test_revision_d_interfaces.py,9586,372f93bb4b1fb52809aa9cd48bdea1d9e35fd65df6dad2884a3b7d61bbf525ac,Simulation,Independent design evidence,D.1,PASS,Not Siemens/physical evidence
11_simulation/tests/test_scenarios.py,5136,f148c141546bff7bfc8e52bd3d9aa6c3a600e3f3616912045fe46a7a56a63648,Simulation,Independent design evidence,D.1,PASS,Not Siemens/physical evidence
12_testing/FAT_procedure.md,12610,2601713fa4ab4bf112a7ef081609ac7311ac70d30eda36b33a764ff97ad70127,Testing,Controlled artifact,D.1,PASS,
12_testing/SAT_procedure.md,1842,888a08678cc731bd0831a0f8e64655b0e207fbd2d3f1cee62921cdb3040456af,Testing,Controlled artifact,D.1,PASS,
12_testing/io_checkout.csv,5866,6b9303dd812bf214d241eb419909ccbb270dd5f404adb3214e1eaec56ba20b90,Testing,Controlled artifact,D.1,PASS,
13_documentation/alarm_philosophy.md,1255,9a6b2b69f3befa65310b99a57387bef428746ce3eddbf0470feeb327a507e9fd,Documentation,Controlled artifact,D.1,PASS,
13_documentation/backup_recovery.md,1164,56fde52691a4713ae1a38757a20d09c80ed7f784d64a38d618b45e2bf68ad9ab,Documentation,Controlled artifact,D.1,PASS,
13_documentation/commissioning_maintenance.md,1222,d39ceb9a365cfc2e9ffe544a1c306255cc59eaee73485d34d749fa1c0b983895,Documentation,Controlled artifact,D.1,PASS,
13_documentation/electrical_calculation_report.md,1508,c5d7f017c369884a3ab64c6c633728b816d84394a3de53001f3dc37200e68ed3,Documentation,Controlled artifact,D.1,PASS,
13_documentation/functional_design_specification.md,2205,5ab748a4afa87a46d70f1e7ee30cfcde53a01697dd4e920a4b4159ec5bd32e81,Documentation,Controlled artifact,D.1,PASS,
13_documentation/model_deployment_rollback.md,1311,ff8a8dcb4e8f40c134200f8da20e4ee0fdfb42b46b6818dbb77743dc85cdd7ab,Documentation,Controlled artifact,D.1,PASS,
13_documentation/network_cybersecurity.md,2338,2c1bd3e048a48afa1c05c226337565d1f561252824ad15114c969559abfae57d,Documentation,Controlled artifact,D.1,PASS,
13_documentation/operator_training.md,1101,055ec048e8cce672674a30421813fc84950f1b339cb8492049c41acbee785090,Documentation,Controlled artifact,D.1,PASS,
13_documentation/panel_design_report.md,1255,21c9b221579d117d2761fb4cda8aa273cfc1dc1af65d1d7c77c690f495a213dc,Documentation,Controlled artifact,D.1,PASS,
13_documentation/risk_register.md,782,5d7addb64d4218a0e836f377be94a1401a3aa39aa9df61a1b3c969fe352696c7,Documentation,Controlled artifact,D.1,PASS,
13_documentation/software_design_specification.md,1399,3b926cad8641b26049f2fc1efaef7a81a917f359f1712333075802183d4d34e6,Documentation,Controlled artifact,D.1,PASS,
14_qa/acceptance_gate_status.md,2965,362ca020585740f51aa00ff54de8d698a7d3cb3614b5a575b61065b4850d9022,QA,Controlled artifact,D.1,PASS,
14_qa/automated_validation_report.md,24115,9ad6594db263d155f32b2230cc7e8a83e345fae17a9b507c7df7f3fa2d5a25fb,QA,Controlled artifact,D.1,PASS,
14_qa/design_review_checklist.md,1272,af475d4e035820035f0120c4808363ea89d4d60ee6c1d0e98940d1ea53aa1c43,QA,Controlled artifact,D.1,PASS,
14_qa/determinism_report.md,472,3a42bb6dc711eda073bec6ca6a34c7bffffc949e3de91cc3c564ece3e185ac7f,QA,Controlled artifact,D.1,PASS,
14_qa/executed_test_report.md,2535,92cd902d0eaa8d00e03c92e68d5e959af3f3db2b51fdaeef1511bf66188f515f,QA,Controlled artifact,D.1,PASS,
14_qa/final_gate_review.md,1073,da7c52afc9cc1d0a029a2511601de70b25bb3ee366fea7bd8bd3501d85a2c226,QA,Controlled artifact,D.1,PASS,
14_qa/pdf_contact_sheets/qet-baseline-contact-01.png,282435,39c4726565378cfe051d54e0c990864178f18b71d05bf9244f101b5a0cacc550,QA,Controlled artifact,D.1,PASS,
14_qa/pdf_contact_sheets/qet-baseline-contact-02.png,260278,302fe90d75851c9610f5be7e71c7548d9e5d9c9acaaa270535f50ad3b9d37a58,QA,Controlled artifact,D.1,PASS,
14_qa/pdf_contact_sheets/qet-baseline-contact-03.png,255866,422b9eab85354072ac564fa6aac5181e5f57e37d36feae29e5dec03ed8a16e42,QA,Controlled artifact,D.1,PASS,
14_qa/pdf_contact_sheets/qet-baseline-contact-04.png,233340,105f3df7282db8227488e4c28e21376011af24d65981a15897a85d6daff836b4,QA,Controlled artifact,D.1,PASS,
14_qa/pdf_contact_sheets/release-evidence-contact-01.png,265112,9c4982d369937fe0771f15afb3063a056a5af95571b8a76e2076773f6b499e1c,QA,Controlled artifact,D.1,PASS,
14_qa/pdf_renders/qet_baseline/page-01.png,92083,9b925ab05fd301ee8b5e132ffcb63d4bdf8c82a19cea436a960a539914d80e3c,QA,Controlled artifact,D.1,PASS,
14_qa/pdf_renders/qet_baseline/page-02.png,108868,a2f9bccfdba68f6c5b8ad641966514040fce612ac07790f54bfa9b99f9be233e,QA,Controlled artifact,D.1,PASS,
14_qa/pdf_renders/qet_baseline/page-03.png,105153,18c98113504e00b33355be0ecfd5316e06391266e885466da815a89777a1ccb5,QA,Controlled artifact,D.1,PASS,
14_qa/pdf_renders/qet_baseline/page-04.png,78844,d7089187410f7fc3d7207f4143674ca272f61e3da8a604cb2e8f2f45d5d3007b,QA,Controlled artifact,D.1,PASS,
14_qa/pdf_renders/qet_baseline/page-05.png,59145,d225814e923e9027ea3e1407a2b5613a2fbbce5a75d172a540c3efb57ab74158,QA,Controlled artifact,D.1,PASS,
14_qa/pdf_renders/qet_baseline/page-06.png,69124,b8ae733fd5d71bedd3e12408880fc38db6e4e75f56e6345d808fe4ff47b41a20,QA,Controlled artifact,D.1,PASS,
14_qa/pdf_renders/qet_baseline/page-07.png,69162,3700bbe84cf1684647544788885c01fc8c698ea1b1768cfeba2d89f1358173d3,QA,Controlled artifact,D.1,PASS,
14_qa/pdf_renders/qet_baseline/page-08.png,80916,0fa0d97ba9c3e5949118b394354f3185a0caaf6ae51150bce4c06aa69a0a833c,QA,Controlled artifact,D.1,PASS,
14_qa/pdf_renders/qet_baseline/page-09.png,54228,729407b500883ccf7c0f0c1ddcf2f84d45b52423fc96b45c0b78bffcad302251,QA,Controlled artifact,D.1,PASS,
14_qa/pdf_renders/qet_baseline/page-10.png,126209,d97d5c54d1287ca505bffb08bb0e5881f73ef919ccb9a9cc07321b880e1af2fd,QA,Controlled artifact,D.1,PASS,
14_qa/pdf_renders/qet_baseline/page-11.png,118272,9fe99765dcc1859988ed722521316597fcbe4dede97d072ee70968a62a958175,QA,Controlled artifact,D.1,PASS,
14_qa/pdf_renders/qet_baseline/page-12.png,124647,d35106fe3aa97eb1c205f4fe96346f39f1cd189e1417db8adbb2d5f47c198fb2,QA,Controlled artifact,D.1,PASS,
14_qa/pdf_renders/qet_baseline/page-13.png,103749,114adbfe4a8d4af8d6f10bc7179e0e5318f0622e60c7bfdfcfa02edebb3d8528,QA,Controlled artifact,D.1,PASS,
14_qa/pdf_renders/qet_baseline/page-14.png,102131,ae02e6938ac6e175de0fb62352685fc226a064a7e9a1dace723159e052ef1b04,QA,Controlled artifact,D.1,PASS,
14_qa/pdf_renders/qet_baseline/page-15.png,112963,63d298c8d4ec28ed169d78a881d78afc31aa0cdb7111d561f4aced9d68a69220,QA,Controlled artifact,D.1,PASS,
14_qa/pdf_renders/qet_baseline/page-16.png,71455,42aa0a27cfb00acebd1e44ac02d6d99b51d7a987f85a5f8e7db298b3f01a8cea,QA,Controlled artifact,D.1,PASS,
14_qa/pdf_renders/qet_baseline/page-17.png,60696,9a55d5e5f19326297a10623ca86e88f15997d9fca22984f85d448b712cc02de4,QA,Controlled artifact,D.1,PASS,
14_qa/pdf_renders/qet_baseline/page-18.png,69165,a437d56b3cc8f6c8b171d1eae900dec35deb158561c2abb6ea5cee7bb66c8b9f,QA,Controlled artifact,D.1,PASS,
14_qa/pdf_renders/qet_baseline/page-19.png,69169,7e53c7fad981bdf400dd035fffdb03d9bc06efae1990e7dcb517a18ffe1171fa,QA,Controlled artifact,D.1,PASS,
14_qa/pdf_renders/qet_baseline/page-20.png,65409,a02dbb614a4b5f8ea21183eb1cc59dd81a6a9caf8367945865b5c2bf778925d5,QA,Controlled artifact,D.1,PASS,
14_qa/pdf_renders/qet_baseline/page-21.png,59324,9d44d1875121a5e3be040d125baacefe3dd1856011ac51a9757208355e21f04a,QA,Controlled artifact,D.1,PASS,
14_qa/pdf_renders/qet_baseline/page-22.png,65463,39770cf9b8d8e7a0d16c762f119fcf04613771d4cfbf22263186b2f42146e8e2,QA,Controlled artifact,D.1,PASS,
14_qa/pdf_renders/qet_baseline/page-23.png,64143,c58578c747899cd044e518cb7b913a639e74eaa611fb17adcceac508f557c888,QA,Controlled artifact,D.1,PASS,
14_qa/pdf_renders/qet_baseline/page-24.png,101340,6347fd029057a7d95de5355b83fd37676dd6b76edf6f958c0804c594e22a5182,QA,Controlled artifact,D.1,PASS,
14_qa/pdf_renders/release_d/page-1.png,123404,7411b766083594bc0a84ac824fee84e7c2e7675bcfaccb9b1c4349750874e4a9,QA,Controlled artifact,D.1,PASS,
14_qa/pdf_renders/release_d/page-2.png,134585,204326ff591f6e44c28db5666da00c7512e3485d2eb1a6bb04144e14bbd28250,QA,Controlled artifact,D.1,PASS,
14_qa/pdf_renders/release_d/page-3.png,147795,02e0fb6c7b9072b9be85f1d371630585b9d88524cdbfb0b62d8734307ecfdc16,QA,Controlled artifact,D.1,PASS,
14_qa/pdf_renders/release_d/page-4.png,124170,f3246ae67a1e0215a8dde52a05e64234a8354f02ea7e44257bf31a24ae276f22,QA,Controlled artifact,D.1,PASS,
14_qa/pdf_renders/release_d/page-5.png,147578,acaf8578122e034d2a0699bda1c39ebd9e175ba6c323e34e0ca29be74f2f5a9a,QA,Controlled artifact,D.1,PASS,
14_qa/release_integrity_reproduction.md,1995,fc4341696d9d533c640345ddbb3c5c1a6c23589a883ea8d0ec643f90e8609d06,QA,Controlled artifact,D.1,PASS,
14_qa/review_records.csv,7889,25927d56310f2cf88f3a53f67f87dbd894a4d6e668479412b31925e2b07e7812,QA,Controlled artifact,D.1,PASS,
14_qa/source_audit_report.md,959,010ed8507a3972dafd025bab8af15de3c79317bea550b68a41500a14204e713d,QA,Controlled artifact,D.1,PASS,
14_qa/toolchain_audit.md,1886,9e684498d1e0328add101de0af6e74559acb4c75054477150a68b6ec16916cb8,QA,Controlled artifact,D.1,PASS,
14_qa/validation_matrix.md,1359,b2ffd57898387a93b34dbc5b2d93dd67d7d77c11c3d1f72f116b6d8b4fc1aa15,QA,Controlled artifact,D.1,PASS,
14_qa/visual_review_report.md,2232,26834a178d9259a96268c66eb400729a8a37fd6feed90fdc333137b7db930032,QA,Controlled artifact,D.1,PASS,
14_qa/workbook_contact_sheets/workbook-contact-01.png,353808,6e5a0e3489015203bfd575474fcd2a18bc36aed0d05d3f60880da7cf68e11769,QA,Controlled artifact,D.1,PASS,
14_qa/workbook_contact_sheets/workbook-contact-02.png,352064,e928189f6a2278f270006bf92051cab42440eca9ccf87192c03270da06374bef,QA,Controlled artifact,D.1,PASS,
14_qa/workbook_contact_sheets/workbook-contact-03.png,313273,898799aa558e52780d1cbaaa18829f7155ca693f49d83340936841615a2b4a60,QA,Controlled artifact,D.1,PASS,
14_qa/workbook_contact_sheets/workbook-contact-04.png,541163,53b94b58b49284a4fcc3212b18deb25c2724900c81e804602ef80f026fcd151a,QA,Controlled artifact,D.1,PASS,
14_qa/workbook_contact_sheets/workbook-contact-05.png,546371,989efd6b1b5b58ecad24d758f349c1944a312678827a95eb73a4ee34ad538771,QA,Controlled artifact,D.1,PASS,
14_qa/workbook_renders/acceptance-gates.png,140860,a347158f663181c8cbe5c5a4d1cfadccc398455c04fde83def5bc131d3297796,QA,Controlled artifact,D.1,PASS,
14_qa/workbook_renders/alarms.png,330839,f367bc49e5b8b66182b7118ef20e95857686a222653790895843a3afa0b6431e,QA,Controlled artifact,D.1,PASS,
14_qa/workbook_renders/bom.png,513233,45e99d1137ad5521ac2c8813447a939edd53e823b68dd6f49dd6afda3d1d0b99,QA,Controlled artifact,D.1,PASS,
14_qa/workbook_renders/cable-schedule.png,202139,d6a73b1b92676b2922a517cfed619c7136c49a846666c8a6b88e59f59cb56bf9,QA,Controlled artifact,D.1,PASS,
14_qa/workbook_renders/drive-pzd.png,71755,c5647b30c003e5d8369a7e6a0066879d4af654eeaed32047eebe4734ede604dd,QA,Controlled artifact,D.1,PASS,
14_qa/workbook_renders/hmi-tags.png,504838,addf64a776e362e3b580fb1a485593035ff68fb579f6d51e712c66ef6c0c51f4,QA,Controlled artifact,D.1,PASS,
14_qa/workbook_renders/input-requests.png,278102,967a0ce0e34a5195a2ea7540232ccf1a9f60db2f5b421fc8210d394e8bfd63d8,QA,Controlled artifact,D.1,PASS,
14_qa/workbook_renders/load-budget.png,45746,86b7d496831173b58ce4b7ff5e02dc62e4f8c331b640ef4a50eb27ee264964de,QA,Controlled artifact,D.1,PASS,
14_qa/workbook_renders/network-nodes.png,54631,dcdb58e05ca9397d39fb623be890862c640d53d615fb8841be18a398592ce9f5,QA,Controlled artifact,D.1,PASS,
14_qa/workbook_renders/nvidia-interface.png,186099,8d4084acf1d2ab392e08e6021a1a38f8028bbc2e3bc52a1ca917267335169ec0,QA,Controlled artifact,D.1,PASS,
14_qa/workbook_renders/panel-placement.png,169596,f68dcdbeebb0a1e2b017a5eb026e5aa212c3a87eb2058200f73130f827f43bda,QA,Controlled artifact,D.1,PASS,
14_qa/workbook_renders/plc-i-o.png,449150,44764ba80c359dc96205f77e4a6c44220723118e50ea61b4c5034a021e7ebec6,QA,Controlled artifact,D.1,PASS,
14_qa/workbook_renders/point-to-point.png,1451400,51b47d290d2b492ebb67202306cfb70f9afa9e843bef4ff7e781fad22aa6ec0c,QA,Controlled artifact,D.1,PASS,
14_qa/workbook_renders/release-summary.png,69650,2a7c0cbb84ddecdc341974125689aaa0f51e4a3def6d7b545a47b0ec4d2468f8,QA,Controlled artifact,D.1,PASS,
14_qa/workbook_renders/requirements-trace.png,378678,33a5532205c4b7ff5e9ef9791544fa906bc1f79e8001820b05f14d997b12b52d,QA,Controlled artifact,D.1,PASS,
14_qa/workbook_renders/siemens-hardware.png,161851,466ff69cb512b1cf70fb831448c82d0248d9785ec77c5d890ddb35646a3ad1ea,QA,Controlled artifact,D.1,PASS,
14_qa/workbook_renders/terminal-plan.png,954096,c0a3b23449d16f0f3384e5818fb41d9b0f3c992ea4cf4a641edd1f89b9f9c89f,QA,Controlled artifact,D.1,PASS,
14_qa/workbook_renders/test-coverage.png,515576,51cb439f5689f43f94357a3c8994450de45c7eb60595dabff291ba3ff7b95f04,QA,Controlled artifact,D.1,PASS,
14_qa/workbook_renders/vfd-parameters.png,39252,1d0c8415189927d8bc84a2d770e9cd55b141b1742e3c949835296eb8674f76f4,QA,Controlled artifact,D.1,PASS,
14_qa/workbook_renders/wire-list.png,1451400,51b47d290d2b492ebb67202306cfb70f9afa9e843bef4ff7e781fad22aa6ec0c,QA,Controlled artifact,D.1,PASS,
AGENTS.md,2964,d9caba79fe6b36fb1282e143c16e5997423ec12c945d9b034cffb0da4cf7a6fc,Repository control,Controlled artifact,D.1,PASS,
README.md,1322,a5df963041498fef6bdfd373b4d4e3334df80cf04f31f94935655b0be0641ca8,Repository control,Controlled artifact,D.1,PASS,
release/FC01_release_evidence.pdf,83461,72fd35fbb5acffa3277f4dbd6264b9698143b243cf928eafa4ce20c2a5962f77,Release,Controlled artifact,D.1,PASS,
release/RELEASE_NOTES.md,988,8cfeb4414db5ab924085f5f51dd85ca7df20d79d749783bfd5eaf28f306ae41c,Release,Controlled artifact,D.1,PASS,
release/reproduction_toolchain_lock.json,812,d2f73b418cf4db986573db3e20ed6d962aefe0e756d67b78f59cef60268eb322,Release,Controlled artifact,D.1,PASS,
release/requirements-release.txt,32,0043aca3a7381487084576995105e1099e3786ae8add5a6c0951d305b0e0e757,Release,Controlled artifact,D.1,PASS,
scripts/build_contact_sheets.py,1091,4e2fa9bf5ca7af2efa54fdbd4fe1ea8b538966c7c6fc5eda51ee66882cd58c51,Reproduction,Controlled artifact,D.1,PASS,
scripts/build_manifest.py,2086,ef4446dd5ae6acb2d59bd44f162f6ada0fa9e3548db281e6b3a0ecf7cb3e4ece,Reproduction,Controlled artifact,D.1,PASS,
scripts/build_pdf_contact_sheets.py,1393,f48a9489c5e832142da47b2e6f0f3e5b4319eff2a089b3d2831bdec443c6d246,Reproduction,Controlled artifact,D.1,PASS,
scripts/build_project.py,73274,262ace8d078fee643e102cb1042ab2f349b1c170bb8b99f92eace96758d6218b,Reproduction,Controlled artifact,D.1,PASS,
scripts/build_release_pdf.py,11133,2acf436d2b32db1ec1dfc84f4220d1a4e8279e37446dd65f9d86b7823de7b06a,Reproduction,Controlled artifact,D.1,PASS,
scripts/build_workbook.mjs,8921,6f1d61025109bb1963450edf760850f7e76b24ddb0d0ce3da7de054548c7b70b,Reproduction,Controlled artifact,D.1,PASS,
scripts/check_determinism.py,4171,364d253009d1c37bfb90e34632fc1267623618dcec49cbd04e15229ac3cbb7e3,Reproduction,Controlled artifact,D.1,PASS,
scripts/git_release_source.py,2974,3253b45f47309fddad390ee9a9cc4193a12b4b4695beccf7a8a09e4bca83bb72,Reproduction,Controlled artifact,D.1,PASS,
scripts/manifest_policy.py,3227,2fe4ade13a7c5c8a74adf8d4a6650af011053f00ac7ea5081bb675671e85e80f,Reproduction,Controlled artifact,D.1,PASS,
scripts/normalize_xlsx.py,2807,ab77e48b8febde2174bda27c3d2b7bb969e75170873c1c9f777ad52ea4329e73,Reproduction,Controlled artifact,D.1,PASS,
scripts/reproduce_validation.ps1,7702,5b6a5d18bf6be06fee6c784e5885b8723984604e5f30f07cf1b28bee43db8a96,Reproduction,Controlled artifact,D.1,PASS,
scripts/revision_d_generator.py,129549,a5e3581fe118bd372626e3b76d123e3df2608628eadffe7b1a56cefea1d93d52,Reproduction,Controlled artifact,D.1,PASS,
scripts/revision_d_scl.py,67535,20981251220b7584dc2a05aa097fbdef640d28b64aec1facceec644726c14604,Reproduction,Controlled artifact,D.1,PASS,
scripts/test_release_integrity.py,2916,589d84d4cfcecc8144061739383cc288f1a7b7ad8a75fb536e08e7919a833d79,Reproduction,Controlled artifact,D.1,PASS,
scripts/validate_project.py,33041,0c302b00835479063895e74b978d3c3c47c7509da2a61dc24eb332b891245a36,Reproduction,Controlled artifact,D.1,PASS,
scripts/verify_manifest.py,4225,186973f2eccc4b738edcbf373260d2af039d670e674ed5dbec6430d20f718a11,Reproduction,Controlled artifact,D.1,PASS,
scripts/verify_release_toolchain.py,2821,8f30266161b053c823cc2a5e73be989f09e2ac0dbf4477d09807ad62f6f23750,Reproduction,Controlled artifact,D.1,PASS,
